-- phpMyAdmin SQL Dump
-- version 4.3.6
-- http://www.phpmyadmin.net
--
-- Host: localhost
-- Generation Time: Jan 21, 2015 at 06:14 PM
-- Server version: 5.5.40-36.1
-- PHP Version: 5.3.29

SET SQL_MODE = "NO_AUTO_VALUE_ON_ZERO";
SET time_zone = "+00:00";


/*!40101 SET @OLD_CHARACTER_SET_CLIENT=@@CHARACTER_SET_CLIENT */;
/*!40101 SET @OLD_CHARACTER_SET_RESULTS=@@CHARACTER_SET_RESULTS */;
/*!40101 SET @OLD_COLLATION_CONNECTION=@@COLLATION_CONNECTION */;
/*!40101 SET NAMES utf8 */;

--
-- Database: `cryllsof_almost-there`
--

-- --------------------------------------------------------

--
-- Table structure for table `answers`
--

CREATE TABLE IF NOT EXISTS `answers` (
  `question_id` int(11) NOT NULL,
  `answer` varchar(1000) COLLATE utf8_unicode_ci NOT NULL,
  `explanation` varchar(5000) COLLATE utf8_unicode_ci NOT NULL,
  `passed` int(11) NOT NULL
) ENGINE=MyISAM AUTO_INCREMENT=34 DEFAULT CHARSET=utf8 COLLATE=utf8_unicode_ci;

--
-- Dumping data for table `answers`
--

INSERT INTO `answers` (`question_id`, `answer`, `explanation`, `passed`) VALUES
(1, 'alanturing', 'Alan Mathison Turing,was a British pioneering computer scientist, mathematician, logician and  cryptanalyst.Turing is widely considered to be the father of theoretical computer science and artificial intelligence.\nQueen Elizabeth II granted him a posthumous pardon in 2013. The only fourth such royal pardon since the end of world war II.', 206),
(2, 'linuxmint', 'Linux Mint is a 32- and 64-bit Linux distribution for desktop computers, based on either Ubuntu or Debian..Mint''s motto is from freedom came elegance.Ada and Barbara were its two first versions. <br><br>Also the source code hint refers to the locations of the Indian Mint.', 166),
(3, 'marissamayer', 'Marissa Ann Mayer is the current president and CEO of Yahoo,a position she has held since July 2012. \nPreviously, she was a long-time executive and key spokesperson for Google. \nMayer was ranked eighth on the list of most powerful American businesswomen of 2013 by Fortune magazine. \nIn a popular interview she said that the priorities in her life were God, family and Yahoo,in that order.', 146),
(4, 'orkut', 'Orkut was a social networking website owned and operated by Google. The service was designed to help users meet new and old friends and maintain existing relationships. The website was named after its creator, Google employee Orkut Buyukkpkten.\nOrkut,is a Turkish word for "HolyCity". The time mentioned in form of Unix Timestamp is infact the start and stop date of Orkut.', 140),
(5, 'snapchat', 'Snapchat is a photo messaging application developed by Evan Spiegel, Bobby Murphy, and Reggie Brown,then Stanford University students. The app''s mascot is called "Ghostface Chillah",a name Brown derived from Ghostface Killah of the hip hop group Wu-Tang Clan.In June 2013,Snapchat version 5.0,dubbed "Banquo",was released for iOS.', 114),
(6, 'trident', 'Trident (also known as MSHTML) is the name of the layout engine for the Microsoft Windows version of Internet Explorer. Shiva,Posideon and Neptune are all wielder of the Trident,called Trishula in Sanskrit. The Symbol for the USB port is also a trident.', 104),
(7, 'hike', 'Hike Messenger is a cross-platform instant messaging service for smartphones that uses the internet for communication.Hike was launched on 12th December,2012 and raised its first round of funding of $7 million from Bharti SoftBank in April 2013.Hike is a joint venture between Bharti Enterprises and Softbank.The image shows people hiking(trekking) on a mountain.', 96),
(8, 'elkcloner', 'Elk Cloner is one of the first known microcomputer viruses that spread "in the wild", i.e., outside the computer system or laboratory in which it was written. A Whoopper swan is also called an Elk.', 87),
(9, 'reddit', 'Reddit is an entertainment, social networking service and news website where registered community members can submit content, such as text posts or direct links. Registered users can then vote submissions "up" or "down" to organize the posts and determine their position on the site''s pages.Content entries are organized by areas of interest called "subreddits".Its Slogan is "The frontpage of the internet".', 85),
(10, 'eka', 'Congratulations, you have crossed the first ten levels.<br><br>BTW, did you notice something peculiar about the answers of the first ten questions..... :D <br><br> A lanturing<br> L inuxmint<br> M errisameyer<br> O rkut<br> S napchat<br>  T rident<br>  H ike<br>  E lkcloner<br>  R eddit<br>  E ka.<br><br>ALMOSTHERE Cool isn''t it :P <br><br>EKA is a supercomputer built by the Computational Research Laboratories (a subsidiary of Tata Sons, now a part of TCS) with technical assistance and hardware provided by Hewlett-Packard.Eka means the number One in Sanskrit,An Ace is also called Eka in Hindi.', 85),
(11, 'anvilnext', 'Anvil (development project name Scimitar(meaning Saif) before 2006) is a game engine created in 2007 by Ubisoft Montreal video game developers for use on Microsoft Windows, PlayStation 3, Xbox 360, Wii U, PlayStation Vita, Xbox One, and PlayStation 4. The present version operates under the name AnvilNext.', 82),
(12, 'lumia', 'Microsoft Lumia (previously the Nokia Lumia Series) is a line of mobile devices designed and marketed by Microsoft Mobile and previously by Nokia. The Lumia name is derived from the partitive plural form of the word "lumi", which means "snow" in the Finnish language.  Batman,Rock and Sirius are all codenames of various Lumia phones.', 78),
(13, 'underclocking', 'Underclocking, also known as downclocking, is modifying a computer or electronic circuit''s timing settings to run at a lower clock rate than is specified. The images clearly show that the time in the central image is underclocked with GHz implying CPU clocking rate.', 73),
(14, 'iamrich', 'I Am Rich is an iOS application which was formerly distributed using the App Store, and developed by Armin Heinrich. When launched, the screen only contains a glowing red gem, and an icon that when pressed, displays the following mantra in large text.<br>I am rich<br> I deserve it <br>I am good,healthy & successful', 61),
(15, 'saavn', 'Saavn, LLC is a digital distributor of Bollywood, Marathi Cinema,Telugu cinema and Tamil Cinema music, with rights to over 3 million music tracks.Saavn is an acronym for ''South Asian Audio Visual Network.''', 60),
(16, 'cortana', 'Cortana is an intelligent personal assistant on Windows Phone 8.1 and the Microsoft Band.Its name comes from Cortana, the artificial intelligence character in Microsoft''s Halo video game series,developed by Bungie Studios. The Chinese version of Cortana is named Xiao Na.Cortana correctly predicted the winners of the first 14 matches of the 2014 FIFA World Cup knockout stage, including the semi-finals, before it incorrectly picked Brazil over the Netherlands in the third place play-off match.', 58),
(17, 'chakra', 'Chakra is a Linux distribution originally based on Arch Linux and focused on the latest KDE software, intending to provide a KDE/Qt environment with as little use as possible of other widget toolkits.  The image shows Vishnu holding the sudarshana chakra and Ashoka is famous for his Ashoka chakra.', 53),
(18, 'spartan', '''Spartan'' is the codename of a web browser in development by Turner Broadcasting System and Microsoft. It is expected to be bundled with Windows 10 as a successor to the Internet Explorer web browser.', 49),
(19, 'superuser', 'In computing, the superuser is a special user account used for system administration. Depending on the operating system (OS), the actual name of this account might be: root, administrator, admin or supervisor. Regardless of the name, the superuser always has user ID 0.', 48),
(20, 'donaldknuth', ' Donald Knuth is an American computer scientist, mathematician, and Professor Emeritus at Stanford University.He is the author of the multi-volume work The Art of Computer Programming. Knuth has been called the ''father of the analysis of algorithms''. The images represent Art and Computer Programming respectively.', 46),
(21, 'rovio', 'Rovio Entertainment Limited, previously known as Relude and Rovio Mobile,is a Finnish video game developer and entertainment company based in Espoo. The company was founded in 2003 as a mobile game development studio named Relude, and was officially renamed as Rovio(Finnish for pyre) in 2005. The company is best known for creating the Angry Birds video game franchise. Friends,Transformers and Epic are all different angry bird versions.', 44),
(22, 'pop3', 'POP3 is the most common account type for personal e-mail. Messages are typically deleted from the server when you check your e-mail. Internet Message Access Protocol (IMAP) servers let you work with e-mail messages without downloading them to your computer first. Popping is the process of opening a bottle of champagne. Three bottles being popped represents POP3.', 40),
(23, 'baidu', 'Baidu, Inc.incorporated on January 18, 2000, is a Chinese web services company headquartered in the Baidu Campus in Haidian District in Beijing.The name Baidu is a quote from the last line of Xin Qijis classical poem "Green Jade Table in The Lantern Festival" saying: "Having searched thousands of times in the crowd, suddenly turning back, She is there in the dimmest candlelight."Its Alexa rank is 5th worldwide and 1st in China.', 38),
(24, '42', 'The number 42 is, in The Hitchhikers Guide to the Galaxy by Douglas Adams, "The Answer to the Ultimate Question of Life, the Universe, and Everything", calculated by an enormous supercomputer over a period of 7.5 million years.Unfortunately no one knows what the question is. Thus, to calculate the Ultimate Question, a special computer the size of a small planet was built from organic components and named "Earth".', 35),
(25, 'semaphore', 'In computer science, particularly in operating systems, a semaphore is a variable or abstract data type that is used for controlling access, by multiple processes, to a common resource in a parallel programming or a multi user environment.Semaphores which allow an arbitrary resource count are called counting semaphores, while semaphores which are restricted to the values 0 and 1 (or locked/unlocked, unavailable/available) are called binary semaphores', 31),
(26, 'amazonfireos', 'Fire OS is a Linux kernel-based mobile operating system produced by Amazon for its Fire Phone and Kindle Fire range of tablets, and other content delivery devices like the Fire TV. Mojito and Sangria are its version codenames.', 31),
(27, 'fallout', 'Fallout is an open world role-playing video game developed and published by Interplay Entertainment in 1997. The images represent places that have been affected by nuclear fallouts. Fallout being the key theme of the images.', 25),
(28, 'deadlock', 'In concurrent programming, a deadlock is a situation in which two or more competing actions are each waiting for the other to finish, and thus neither ever does.Deadlock is a common problem in multiprocessing systems, parallel computing and distributed systems, where software and hardware locks are used to handle shared resources and implement process synchronization.Any deadlock situation can be compared to the classic "chicken or egg" problem.It can be also considered a paradoxical "Catch-22" situation.', 25),
(29, 'killerapp', 'In marketing terminology, a killer application (commonly shortened to killer app) is any computer program that is so necessary or desirable that it proves the core value of some larger technology, such as computer hardware, gaming console, software, a programming language, software platform, or an operating system. The images show are of two of the historys most notorious killers and the logos of various apps.', 24),
(30, 'hotmail', 'Hotmail service was founded by Sabeer Bhatia and Jack Smith. It was commercially launched on July 4(USAs Independence Day), 1996, symbolizing "freedom" from ISP-based email and the ability to access a users inbox from anywhere in the world. Bhatia is an aluminus of Caltech and Stanford Universities.', 21),
(31, 'bhuvan', 'Bhuvan,is a software application which allows users to explore a 2D/3D representation of the surface of the Earth. The browser is specifically tailored to view India, offering the highest resolution in this region provided with local four languages. A beta version was launched on 12 August 2009. Amir Khan''s character in the movie Lagaan was also Bhuvan.', 21),
(32, 'screenofdeath', 'Screens of death are usually the result of a kernel panic, although the terms are frequently used interchangeably. Most screens of death are displayed on an even background color with a message advising the user to restart the computer.', 21),
(33, 'almostthere', 'Do you need an explanation? :P :P', 20);

-- --------------------------------------------------------

--
-- Table structure for table `forum_posts`
--

CREATE TABLE IF NOT EXISTS `forum_posts` (
  `post_id` int(11) NOT NULL,
  `topic_id` int(50) NOT NULL,
  `posted_by` int(50) NOT NULL,
  `post` varchar(5000) COLLATE utf8_unicode_ci NOT NULL,
  `posted_on` datetime NOT NULL
) ENGINE=MyISAM AUTO_INCREMENT=1001 DEFAULT CHARSET=utf8 COLLATE=utf8_unicode_ci COMMENT='For forum posts';

--
-- Dumping data for table `forum_posts`
--

INSERT INTO `forum_posts` (`post_id`, `topic_id`, `posted_by`, `post`, `posted_on`) VALUES
(36, 1, 13, 'Welcome, to Almost There 2015', '2015-01-13 21:22:25'),
(19, 3, 6, 'Admin hoye hints chaichs???..che che che!!', '2015-01-08 20:24:35'),
(41, 3, 48, 'some clue needed', '2015-01-13 21:46:20'),
(42, 2, 13, 'Check the source code :p', '2015-01-13 21:47:12'),
(43, 3, 13, 'Keep it simple.', '2015-01-13 21:48:31'),
(44, 1, 96, 'Is it an url or name of something?', '2015-01-13 21:50:15'),
(39, 1, 127, 'is there any hint?', '2015-01-13 21:40:27'),
(16, 8, 3, 'hello admin!!', '2015-01-08 19:34:12'),
(18, 8, 3, 'please provide hints...', '2015-01-08 19:51:28'),
(38, 2, 17, 'any hints admin ?', '2015-01-13 21:39:00'),
(21, 1, 12, 'Hello!!!', '2015-01-08 20:36:48'),
(22, 8, 3, 'hints chai!!!!', '2015-01-08 20:40:22'),
(23, 8, 3, 'Admin please inbox me the answers!!!..:P', '2015-01-08 20:41:14'),
(24, 3, 6, 'Going to next level!!', '2015-01-08 20:49:07'),
(25, 4, 6, 'Is it a name of a company?', '2015-01-08 21:00:23'),
(26, 1, 14, 'any help will be appreciated!!!', '2015-01-08 22:24:38'),
(27, 1, 14, 'oh god pls help!!!', '2015-01-08 22:24:57'),
(45, 3, 48, 'we get g** from the image wat next tried everything related to it :/', '2015-01-13 21:59:27'),
(40, 1, 13, 'Okay. Find out the names of the people in the images. Then do a little background check on them.', '2015-01-13 21:45:54'),
(46, 1, 148, 'Is it anyhow related to the CS/IT theme that was mentioned earlier? Because I can see no connection of all three to any kind of CS/IT topic except hacking.', '2015-01-13 22:01:15'),
(47, 1, 37, 'got the names.. any hint on how to link the names..', '2015-01-13 22:02:47'),
(50, 1, 1, '@Aseem Raj - The answer is absolutely related to the CS/ IT theme. You\\''ll know once you connect all three images properly. ', '2015-01-13 22:11:10'),
(49, 3, 13, 'Wrong track.', '2015-01-13 22:10:32'),
(51, 1, 139, 'Does the link between the guys have to be related to IT or computers??,...coz i have found out who the guys r..but the link doesnt give any indication to being related to IT stuff... ', '2015-01-13 22:11:41'),
(52, 2, 87, 'what is the answer? is it a person/ jargon/ technology?', '2015-01-13 22:11:41'),
(53, 1, 1, '@Shaunak -  Nope ', '2015-01-13 22:11:41'),
(54, 1, 13, 'Also. The page caption is a cute little twisted clue to the answer ??', '2015-01-13 22:12:18'),
(55, 1, 1, '@Debamitra - The answer is related to the CS domain as I mentioned earlier. You just need to connect the images properly. ', '2015-01-13 22:12:42'),
(56, 2, 71, 'could u b more specific? is it a person/ jargon/ technology?', '2015-01-13 22:13:10'),
(57, 2, 26, 'Any hint, please...', '2015-01-13 22:19:45'),
(58, 4, 174, 'Hints please! ', '2015-01-13 22:22:06'),
(59, 2, 13, 'The source code hint,will lead u to a part of the answer.', '2015-01-13 22:25:32'),
(60, 3, 34, 'Something is wrong there.. Does it need to be changed?', '2015-01-13 22:28:04'),
(61, 3, 34, 'Something is wrong there.. Does it need to be changed?', '2015-01-13 22:28:33'),
(62, 3, 48, 'some hints :/', '2015-01-13 22:28:47'),
(63, 3, 13, 'Well,nothing is wrong there. God will help you :-P', '2015-01-13 22:29:49'),
(64, 2, 96, 'What is the source code?', '2015-01-13 22:30:03'),
(73, 4, 9, 'No Hints before 5am tomorrow!', '2015-01-13 22:56:29'),
(70, 2, 63, 'u mean in the console....using inspect element', '2015-01-13 22:50:03'),
(68, 2, 13, 'The website source code!', '2015-01-13 22:45:32'),
(69, 4, 34, ':O', '2015-01-13 22:47:06'),
(71, 2, 148, '@Sakshi you can press <ctrl> U in your browser to view the source, or even right click and view source would do. Inspect element shows the currently loaded DOM, not the source, though it will show the hint in this case :P', '2015-01-13 22:51:37'),
(72, 1, 184, 'what is the page caption? there are so many captions :/ ', '2015-01-13 22:55:38'),
(74, 5, 174, 'Hints please!', '2015-01-13 22:56:48'),
(75, 2, 63, 'any other hint??', '2015-01-13 22:57:14'),
(76, 1, 184, 'Hamel', '2015-01-13 22:57:38'),
(77, 1, 181, 'Can you please say many words answer is it?', '2015-01-13 23:01:45'),
(78, 1, 117, 'kch smj ni a rha?', '2015-01-13 23:02:05'),
(79, 1, 181, 'Can you please say how many words answer is it?', '2015-01-13 23:02:07'),
(80, 1, 187, 'is it a term related to programming or internet ? please help', '2015-01-13 23:03:40'),
(81, 5, 48, 'starter :P', '2015-01-13 23:08:52'),
(82, 1, 181, 'At least the first question should\\''ve been an easy one like last time :(', '2015-01-13 23:11:30'),
(83, 1, 13, 'It is actually very easy. Okay,the answer is a person.', '2015-01-13 23:17:36'),
(84, 2, 184, 'the source code of which page?', '2015-01-13 23:25:06'),
(85, 5, 26, 'level 4 hint was due on 4am... Don\\''t think ne hint today... :P', '2015-01-13 23:26:32'),
(86, 2, 13, 'The page you are on.', '2015-01-13 23:33:44'),
(87, 1, 186, 'I have gone through the wiki pages of all the persons but still have no idea. No computer science based clue or commonality is found at all', '2015-01-13 23:35:50'),
(88, 5, 13, 'Akash Sinha..just read my mind :P', '2015-01-13 23:35:54'),
(89, 2, 96, 'Can you please give another hint which lead us more towards the answer? Stuck in this level for too long.', '2015-01-13 23:37:48'),
(90, 5, 48, 'wat to take from first pic..hint regarding that pls..', '2015-01-13 23:38:58'),
(91, 1, 208, 'Wat is the CS/IT connect of the three people?', '2015-01-13 23:45:02'),
(92, 1, 215, 'Any other hints?', '2015-01-13 23:50:22'),
(93, 1, 13, 'They were all given something. ', '2015-01-13 23:52:12'),
(94, 2, 13, 'What hints have you collected so far?', '2015-01-13 23:53:17'),
(95, 2, 184, 'cancer, pins, syntax. nothing else :/ give more hints please', '2015-01-13 23:53:56'),
(96, 5, 13, 'Take whatever you can...thats what pirates do :D', '2015-01-13 23:54:55'),
(97, 2, 119, 'ada programming/language , byron, lady ada lovelace,barbara mori, give me more specific hint', '2015-01-13 23:56:04'),
(98, 2, 187, 'name of a city ?', '2015-01-13 23:56:13'),
(99, 2, 13, 'Select only keywords from images. Also do not post direct clues here guys. ', '2015-01-14 00:04:04'),
(100, 1, 215, 'What? You said its the name of a person?', '2015-01-14 00:04:49'),
(101, 1, 208, 'So is it a name of a person related to CS/IT?', '2015-01-14 00:09:45'),
(102, 5, 26, 'how does the pictures even connect??', '2015-01-14 00:09:57'),
(103, 1, 25, 'Got the link...but cant find any person related to that link..', '2015-01-14 00:10:52'),
(105, 2, 117, 'is it a name of a person', '2015-01-14 00:13:03'),
(106, 1, 1, 'Observe the question title carefully. Another thing is google all three names together. You will get the link. ', '2015-01-14 00:13:28'),
(107, 1, 1, '@Kaustav - There is another person related to that link. ', '2015-01-14 00:13:56'),
(108, 1, 25, 'Please moderate my comment if it is too direct,but there seems to be no \\"creator\\" of that particular link.Atleast google doesn\\''t help...', '2015-01-14 00:16:14'),
(109, 1, 13, 'There is just one missing name from that list.', '2015-01-14 00:17:19'),
(110, 2, 13, 'No', '2015-01-14 00:17:55'),
(111, 2, 117, 'then? wt it is? plz hint', '2015-01-14 00:19:12'),
(112, 1, 2, 'The person is someone very famous in the field of Computer Science.', '2015-01-14 00:20:10'),
(113, 5, 217, 'Your first comment, can it be taken as a hint? :PAnd please don\\''t say \\"Do whatever you can...thats what pirates do\\" :D', '2015-01-14 00:21:42'),
(114, 5, 48, 'waiting for a hint ', '2015-01-14 00:29:30'),
(115, 2, 1, 'The souce code hint will give you a part of the answer. Try to utilize the source code hint.  ', '2015-01-14 00:32:53'),
(116, 2, 148, 'The cities, and the ladies! And I can\\''t connect them.', '2015-01-14 00:39:50'),
(117, 5, 13, 'No hints before morning..', '2015-01-14 00:42:43'),
(118, 2, 117, 'bt wt is d hint frm source code', '2015-01-14 00:43:14'),
(119, 2, 25, 'will the source clue give the name of a c**pa*y?', '2015-01-14 00:48:33'),
(120, 5, 200, 'Hard core rap band Miley Cyrus like paintings SCottish princes... Help o ye almighty admin help! :(', '2015-01-14 00:48:41'),
(121, 2, 187, 'tried a lot of links, please help.how to link the source code hint to the answer?', '2015-01-14 00:50:55'),
(122, 1, 233, 'cant get..pls help..:\\''(', '2015-01-14 00:56:30'),
(129, 5, 13, 'Miley Cyrus? We all saw that one coming', '2015-01-14 01:18:34'),
(124, 1, 233, 'admin where did u go?? pls help..i cant sleep...', '2015-01-14 00:57:30'),
(125, 1, 233, 'boliye na bhaiya pls......', '2015-01-14 01:04:57'),
(126, 1, 233, 'how to change the dp btw???', '2015-01-14 01:05:35'),
(127, 2, 43, 'what exactly is it ? name ?', '2015-01-14 01:05:41'),
(136, 2, 229, 'the term in directly to related CS?!!', '2015-01-14 01:54:03'),
(130, 2, 193, 'the links are somewhat covered but what should be company name, person, activity, headline? what is it?', '2015-01-14 01:21:21'),
(131, 1, 13, 'You cant change the dp.', '2015-01-14 01:21:58'),
(132, 1, 13, 'Okay,hint. Firstly,all these men are from the United Kingdom.', '2015-01-14 01:24:23'),
(133, 2, 13, 'The source code clues when googled in a particular order will give a wikipedia link about some place of significance to India', '2015-01-14 01:28:48'),
(134, 2, 229, 'stuck at it for a long time!!..any clue other than the source code thing?', '2015-01-14 01:39:43'),
(135, 2, 13, 'You first need to work out what those cities point to. Its an important part of the answr.', '2015-01-14 01:42:11'),
(137, 2, 193, 'that is clear what the source code says. but linking it to computer science :/ is tough', '2015-01-14 01:55:17'),
(138, 2, 191, '^got it...then??', '2015-01-14 01:55:51'),
(139, 2, 13, 'The term...well ! It is a part of the answer. When you google that term with the clues from the images. You get a direct answer.', '2015-01-14 01:56:12'),
(140, 5, 200, 'no we didnt... we didnt see a disney princess become a twerking wreckingball! Jokes apart can we please have some indicator as to how to go about interpreting the pics?', '2015-01-14 02:05:59'),
(141, 3, 191, 'god isn\\''t helping me :\\''(please give a little clue....these are all that i can think of:craig morgan, country, india', '2015-01-14 02:13:19'),
(142, 5, 221, 'Hint Hint, a slight support to the clues admin!  :-P', '2015-01-14 02:16:15'),
(143, 3, 193, 'is it something like complete the phrase or some similar task??', '2015-01-14 02:42:00'),
(144, 3, 191, '^i was also thinking so', '2015-01-14 02:43:46'),
(145, 3, 193, 'got some words from the picture... relating to a inventor. does that count?', '2015-01-14 02:49:11'),
(146, 2, 117, 'plz cn u say? is it a cmpny?', '2015-01-14 02:55:49'),
(147, 2, 113, 'can u plz say ?..... is it a name of a company ????', '2015-01-14 03:05:44'),
(148, 4, 119, 'so far got location of 3 places, and two other things.. waiting for a hint to progress', '2015-01-14 03:20:14'),
(149, 2, 13, 'Nope. A software.', '2015-01-14 03:26:21'),
(150, 3, 193, 'one word or more????', '2015-01-14 03:27:50'),
(151, 3, 193, 'where are the admins??? are they sleeping?', '2015-01-14 03:28:07'),
(152, 3, 13, 'Nothing to do with any inventor.', '2015-01-14 03:31:15'),
(153, 3, 13, 'Just take the phrase in the pic literally.', '2015-01-14 03:32:50'),
(154, 4, 13, 'Find,what is common to these places.', '2015-01-14 03:34:34'),
(156, 5, 116, '\\" No hints before morning.. \\" Good Morning Admin.', '2015-01-14 08:08:41'),
(157, 2, 56, 'ok, got the source code keyword. ny hints as to how d pics r related to it?', '2015-01-14 08:17:46'),
(158, 9, 174, 'Hints please!!', '2015-01-14 08:46:14'),
(159, 2, 186, 'I cant even find a connection between these cities related to anything CS...Google is also not giving much specifics. ', '2015-01-14 08:47:04'),
(160, 2, 186, 'Ok so maybe got the hint but now I have 3 programming languages and no software to link to :(', '2015-01-14 08:53:41'),
(161, 3, 186, 'How much literal do you mean? And the answer pertains to what? A person place or anything elsE??', '2015-01-14 09:01:42'),
(162, 2, 13, 'The Cities dont connect directly to anything CS. Google the cities in random order till you get something related to Indian Gov.', '2015-01-14 09:11:15'),
(163, 3, 13, 'Person.', '2015-01-14 09:12:01'),
(164, 2, 56, 'ya got it. but how do the pics relate.?', '2015-01-14 09:22:48'),
(165, 2, 13, 'Google the clues from the pics and whatever u got..if that is correct. You\\''ll get a software name.', '2015-01-14 09:25:22'),
(166, 2, 56, 'thanx mod', '2015-01-14 09:33:35'),
(167, 2, 71, 'could u hint at 1st letter of that software??', '2015-01-14 09:38:06'),
(168, 4, 155, 'Its beyond 5am now :p', '2015-01-14 09:43:47'),
(169, 5, 48, 'common admin give a hint :/', '2015-01-14 09:48:00'),
(170, 3, 187, 'admin, even in the previous level writing the part of the answer did not say\\''close or very close\\'' how are we supposed to know we are in the right track??', '2015-01-14 09:54:06'),
(171, 3, 13, 'The algorithm Shows a pop up..only when certian parts of the string match.', '2015-01-14 09:57:46'),
(172, 4, 193, 'is it a person, place, or somethng else?', '2015-01-14 09:57:52'),
(173, 4, 13, 'Something else :-P', '2015-01-14 09:58:37'),
(174, 2, 71, 'got d name of that imp. govt. company....then?????????????how to get to the answer?????????', '2015-01-14 09:58:58'),
(175, 2, 212, 'Wow! Generous mod! ??', '2015-01-14 09:59:08'),
(176, 5, 13, 'Yes,first. Try interpreting the pics right :-P', '2015-01-14 09:59:40'),
(177, 4, 184, 'give another thing please. ', '2015-01-14 09:59:59'),
(178, 2, 13, 'Keep googling with the correct terms.', '2015-01-14 10:01:10'),
(179, 4, 13, 'Don\\''t be evil.. :-P', '2015-01-14 10:02:27'),
(180, 4, 184, 'that is even MORE confusing >.< ', '2015-01-14 10:03:26'),
(181, 4, 56, 'nd it is?', '2015-01-14 10:03:52'),
(182, 1, 215, 'Then?', '2015-01-14 10:04:20'),
(183, 4, 193, 'programing language??? ', '2015-01-14 10:08:15'),
(184, 10, 174, 'Hints please!', '2015-01-14 10:08:30'),
(185, 1, 13, 'The Queen granted them Royal Pardon.', '2015-01-14 10:10:16'),
(186, 4, 13, 'Find out what \\" don\\''t be evil\\" is.Also..find out what the numbers in the source code mean. ', '2015-01-14 10:12:27'),
(187, 4, 184, 'WHAT numbers ? !!! ?? :O', '2015-01-14 10:14:24'),
(188, 4, 13, 'Harsh,you need to check the source code.', '2015-01-14 10:18:08'),
(189, 1, 215, 'Yes I got that too. Royal Pardon.', '2015-01-14 10:20:08'),
(190, 4, 184, 'okay, found now. from now on, ill check source before asking anything. they dont make much sense to me though :P', '2015-01-14 10:21:07'),
(191, 1, 215, 'Moreover for one particular answer am getting a popup as \\"Very Close\\"  whereas for most of the others its \\"Oops\\". Is it just a random thing or am I really close?', '2015-01-14 10:21:29'),
(192, 5, 48, 'thats the thing we know admin...', '2015-01-14 10:24:03'),
(193, 3, 71, 'IS THE NAME RELATED TO SOME GR*EK GOD???', '2015-01-14 10:26:09'),
(194, 1, 2, 'Recently, a biopic was made on this person...with a very famous actor playing it....', '2015-01-14 10:39:53'),
(195, 5, 26, 'You don\\''t say, admin!!! -_-', '2015-01-14 10:47:28'),
(196, 3, 13, 'Nope. Its a person. ', '2015-01-14 10:53:15'),
(197, 5, 13, 'Okay,take the 2nd pic on face value. Do not get into details. See whats happening there.', '2015-01-14 10:55:25'),
(198, 3, 215, 'Any other hints?', '2015-01-14 10:55:44'),
(199, 5, 237, '1st pic   2nd pic gives an o***** entity, give clue for what to take from 3rd pic, can\\''t connect that', '2015-01-14 11:01:46'),
(200, 3, 215, 'Admin?Any more hints please?', '2015-01-14 11:05:52'),
(201, 2, 57, 'Can u hint more about the clues in source code?', '2015-01-14 11:06:29'),
(202, 5, 13, 'The first pic directly relates to the answer the second pic gives u an action the third pic a character.Ill post a major hint at 12.30. Bear with me.', '2015-01-14 11:21:54'),
(203, 5, 56, 'what is it? person, software, os...?', '2015-01-14 11:27:51'),
(204, 3, 1, 'The answer is a name of a person. Take the search string literally and GOOGLE it. ', '2015-01-14 11:34:10'),
(205, 4, 187, 'any other hint please..', '2015-01-14 11:43:14'),
(206, 4, 215, 'What is it?A person, place, object, some tool?', '2015-01-14 11:48:36'),
(207, 2, 1, 'The answer is related to the world of Open Source. This is a major hint. Now try googling the hints all together. ', '2015-01-14 11:48:51'),
(208, 6, 178, 'any hint thy admin?', '2015-01-14 11:58:06'),
(209, 6, 1, 'If you google all the images together, it should get you very close to the answer. ', '2015-01-14 12:00:45'),
(210, 4, 215, 'What is with the time stamp anyway?', '2015-01-14 12:07:30'),
(211, 4, 215, 'What is with the time stamp anyway?', '2015-01-14 12:07:32'),
(212, 8, 221, 'Any hint for this one.. ', '2015-01-14 12:12:16'),
(213, 8, 48, 'ansh shud be related to a**** s****** !!!!', '2015-01-14 12:17:55'),
(214, 8, 48, ' a starter pls', '2015-01-14 12:26:47'),
(215, 8, 221, 'can u post the hint given in source code.. i am using a cellphone so.. ', '2015-01-14 12:29:40'),
(216, 6, 215, 'More hints please?', '2015-01-14 12:29:46'),
(217, 5, 245, 'Ahem! 12:30 :3 ', '2015-01-14 12:30:16'),
(218, 5, 187, 'admin its 12:30', '2015-01-14 12:31:09'),
(219, 8, 116, 'hints please', '2015-01-14 12:31:44'),
(220, 3, 37, 'something about the person would be of great help', '2015-01-14 12:37:02'),
(221, 3, 71, 'ANY HINT ABOUT THAT PERSON\\''S CONTRIBUTION???.....OR 1ST LETTER OF HIS NAME??', '2015-01-14 12:39:12'),
(222, 5, 34, 'Where is the hint?', '2015-01-14 12:42:47'),
(223, 8, 2, 'A major hint-There is no source code hint in this level...:p', '2015-01-14 12:54:34'),
(224, 10, 13, 'No hints before evening.', '2015-01-14 12:56:09'),
(225, 6, 215, 'Googled all the images together. Can\\''t find a link. please give some other hint', '2015-01-14 12:58:27'),
(226, 5, 187, 'knock knock admin..', '2015-01-14 12:58:54'),
(269, 8, 9, 'Take two words. One from each of the pictures . ', '2015-01-14 16:03:48'),
(228, 3, 176, 'ys some info about the person would be really helpful', '2015-01-14 13:03:20'),
(229, 4, 37, 'got two dates and three places.. how to connect them??', '2015-01-14 13:03:55'),
(231, 8, 221, 'admin  :-/', '2015-01-14 13:06:07'),
(232, 9, 48, 'some hint needed', '2015-01-14 13:07:06'),
(233, 8, 13, 'Yes,dear :P', '2015-01-14 13:08:26'),
(234, 8, 221, 'give a hint.. u r responsible for me being stuck here :-P', '2015-01-14 13:17:55'),
(235, 4, 2, 'The answer is connected to Google in a big way!!!', '2015-01-14 13:26:21'),
(236, 9, 13, 'Think simple. A little googling will do the trick.', '2015-01-14 13:29:08'),
(237, 8, 13, 'Okay,what have you figured so far?', '2015-01-14 13:31:41'),
(238, 3, 2, 'The person is a female....', '2015-01-14 13:32:02'),
(239, 4, 96, 'There is a map and a place. I got the two names. Now what ? Admin, please help. Some other hints, please', '2015-01-14 13:32:45'),
(240, 6, 2, 'It  is something related to a very famous software....;P', '2015-01-14 13:35:30'),
(241, 5, 245, 'Just another clue, please? ...Just look at the number of people stuck at this level. ', '2015-01-14 13:36:05'),
(242, 5, 245, 'Captain Jack! We need your help Captain Jack! :\\''( ', '2015-01-14 13:37:49'),
(243, 11, 188, 'next to be taken as it is?', '2015-01-14 13:41:23'),
(244, 11, 188, 'next  r********** ? (2nd ,3rd point to same)', '2015-01-14 13:43:56'),
(245, 5, 37, 'cant find any numbers in the source code.. they were in level 4 not 5', '2015-01-14 13:45:06'),
(246, 5, 187, 'admin a better hint please...', '2015-01-14 13:51:52'),
(247, 5, 34, 'found the numbers, found the incident but still can\\''t relate the pictures to it!! something better would be appreciated!!', '2015-01-14 13:54:28'),
(248, 4, 96, 'Okay, got the two dates and the three places. What to do now?', '2015-01-14 14:05:02'),
(249, 2, 254, 'first letter of that software ?', '2015-01-14 14:06:43'),
(250, 12, 200, 'Admin dude some help please... This is a question I am clueless about... do we take the actors as hints or some characters they played or ....?', '2015-01-14 14:38:20'),
(251, 5, 187, 'admin please direct us towards the answer..the part to do with google..', '2015-01-14 14:41:07'),
(252, 5, 187, 'by the first picture are you referring about the type of people or the profession? if you know what i mean, not being a racist here :P', '2015-01-14 14:49:14'),
(253, 5, 34, 'Man, this is so frustrating!! Sometimes just nothing works!!', '2015-01-14 14:50:15'),
(254, 12, 13, '\\"Men are made famous by the things that they do,what they do lives on even after they die\\" :-P', '2015-01-14 14:51:52'),
(255, 11, 13, 'They don\\''t.', '2015-01-14 14:52:31'),
(256, 4, 23, 'is it a bird or is it a plane? :P jokes apart is it a person?', '2015-01-14 15:02:33'),
(257, 5, 187, 'what do i write to get\\'' close to the answer\\'' or something like that..wake up admin!', '2015-01-14 15:05:46'),
(258, 4, 25, 'found out what dont be evil means...also what the source numbers mean...how to proceed now?', '2015-01-14 15:15:48'),
(259, 4, 25, 'also what is common between the images...but then what?', '2015-01-14 15:21:30'),
(260, 5, 184, 'has the answer got to do anything with london? ', '2015-01-14 15:21:39'),
(261, 5, 187, 'common pirate...grumpy cats r losing their minds here...', '2015-01-14 15:23:25'),
(262, 5, 34, 'Come on!! Stuck for 17 hours now!!', '2015-01-14 15:24:59'),
(270, 5, 13, 'Major Hints: you will get a character from the third pic. A very famous character in the story. Relate that too the first pic and to what is being done in the second pic.', '2015-01-14 16:05:33'),
(264, 6, 184, 'what does googling images together mean?', '2015-01-14 15:33:17'),
(265, 8, 26, 'Is it related to Cy**** So******??', '2015-01-14 15:40:47'),
(266, 2, 261, 'I give an answer and get this... Oops!Very Close! Try again!Is there anything that I\\''m missing?', '2015-01-14 15:42:26'),
(267, 8, 184, 'some hints? i have got butlar swan as a common entity to both images', '2015-01-14 15:48:28'),
(268, 12, 48, 'a better hint pls..', '2015-01-14 15:50:46'),
(271, 4, 13, 'The source numbers are timestamps. Convert that to normal calendar dates.', '2015-01-14 16:06:53'),
(272, 8, 13, 'Read the wiki page of thar swan properly. You will get your clue. ', '2015-01-14 16:10:03'),
(273, 13, 237, '2nd pic a date?', '2015-01-14 16:10:30'),
(274, 3, 13, 'This is a famous line spoken by that person ,where she said something about god,family and \\"this\\" ..just replace this with another thing.', '2015-01-14 16:13:21'),
(275, 5, 37, 'getting m_____h as the character... is it the right track', '2015-01-14 16:14:49'),
(276, 2, 13, 'Try all possible variations of the answer.', '2015-01-14 16:15:00'),
(278, 1, 9, 'Giveaway Hint: Posthumous pardon is the connecting link', '2015-01-14 16:20:32'),
(279, 9, 184, 'what has frontpage got to do with lee ???? this is killing me!', '2015-01-14 16:22:36'),
(280, 9, 26, '^ Iwant to like the comment!! :P Same here!!! -_-', '2015-01-14 16:26:52'),
(281, 6, 187, 'something famous came up with the fourth picture but how is that part of the answer, please help.', '2015-01-14 16:30:55'),
(282, 5, 13, 'No,another male character from that book.', '2015-01-14 16:31:50'),
(283, 6, 13, 'Find out whats wrong with the fourth picture. ', '2015-01-14 16:33:37'),
(284, 11, 221, 'a hint for this one please..', '2015-01-14 16:36:54'),
(288, 11, 230, 'I don\\''t think Next is even needed ^_^', '2015-01-14 16:42:30'),
(286, 6, 187, 'and by 4th picture i meant the one with the boy..', '2015-01-14 16:40:36'),
(287, 11, 13, 'This has something to do with very famous games.', '2015-01-14 16:41:33'),
(289, 5, 96, 'Is it a song?', '2015-01-14 16:43:25'),
(293, 2, 93, 'Allah keh naam par hint de de mod baba ..', '2015-01-14 16:46:59'),
(294, 9, 13, 'Okay,hint time. My beloved Prirates. The clue is not Lee himself..but something he did ;) ', '2015-01-14 16:47:39'),
(291, 4, 47, 'what exactly is it?? i mean place, device, tools, software???', '2015-01-14 16:44:52'),
(292, 10, 184, 'its evening now!!!!', '2015-01-14 16:46:21'),
(295, 2, 13, 'Giveaway hint: Google the names of the cities in the source code with indian government.', '2015-01-14 16:49:44'),
(296, 4, 13, 'A website.', '2015-01-14 16:50:31'),
(297, 5, 13, 'Giveaway: Its an App. ', '2015-01-14 16:51:42'),
(298, 6, 187, 'the answer is what? a software? a person? a company?', '2015-01-14 16:52:14'),
(299, 13, 13, 'Welcome,to Level 13. Subhrangsu,Tushar,Swapnil and Prantar. You guys are doing well and we have been observing you. The hints have dried up for some reason. I shall provide you with a subtle hint in due time.', '2015-01-14 16:55:44'),
(300, 9, 26, 'still can\\''t get..... what he did?? Found www...', '2015-01-14 17:00:17'),
(301, 5, 56, 'ok..almost there...just get me little close, what is it ?person, software, os...,etc..?', '2015-01-14 17:06:46'),
(302, 4, 24, 'is it any google subpart? A google website?', '2015-01-14 17:12:09'),
(303, 5, 275, 'Does the related character\\''s name also start with M?', '2015-01-14 17:17:03'),
(304, 10, 184, 'admin??', '2015-01-14 17:17:57'),
(305, 6, 187, 'admin to the rescue please..', '2015-01-14 17:22:12'),
(306, 13, 48, 'related to n*****???', '2015-01-14 17:25:08'),
(307, 6, 81, 'got the wrong thing with the fourth picture and then??', '2015-01-14 17:26:34'),
(308, 5, 275, 'Is the type of the app related to the second pic?', '2015-01-14 17:54:27'),
(309, 6, 263, 'Admin, any other hint please...', '2015-01-14 17:54:37'),
(310, 10, 13, 'Yes. The answer is related to India in every way. ', '2015-01-14 17:57:02'),
(311, 10, 184, 'its TCS or TATA in general????. im stuck at this for over 5 hours', '2015-01-14 18:00:42'),
(312, 4, 13, 'Yes', '2015-01-14 18:04:28'),
(313, 7, 81, 'any hints please??', '2015-01-14 18:05:15'),
(314, 5, 13, 'Yes.', '2015-01-14 18:05:42'),
(315, 6, 13, 'Google the clue from the first pic and the thing that is wrong in the last pic. Giveaway hint.', '2015-01-14 18:07:15'),
(316, 7, 13, 'Read everything about the first pic you get on the net. Notice what is happening in the other pic.', '2015-01-14 18:08:38'),
(317, 9, 13, 'Okay,Akash. Its simple the clue is Lee\\''s child ;)', '2015-01-14 18:09:59'),
(318, 10, 13, 'Save the TCS image on your desktop. The image name is a hint too. And yes,it is TCS in general. But remember TCS is a part of Tata group :P', '2015-01-14 18:13:44'),
(319, 10, 184, 'is it a software /person/company ?', '2015-01-14 18:16:38'),
(320, 3, 229, 'how is that person related to CS??', '2015-01-14 18:19:58'),
(321, 11, 184, 'another hint, please!!!', '2015-01-14 18:30:53'),
(322, 9, 26, 'Come\\''n I know his child... :P But what to do with it??', '2015-01-14 18:32:19'),
(323, 6, 56, 'found whats wrong bt i think i m headed wrong... whats the clue from 1st?', '2015-01-14 18:33:05'),
(324, 11, 184, 'saif ali khan to be taken as it is?', '2015-01-14 18:42:12'),
(325, 6, 96, 'Is it related to mythology?', '2015-01-14 18:49:40'),
(326, 8, 187, 'thar swan??', '2015-01-14 18:50:33'),
(327, 8, 203, 'some more hints plz....', '2015-01-14 18:52:12'),
(328, 10, 261, 'Need help here, stuck at this level... software/person/company?', '2015-01-14 18:59:25'),
(329, 8, 187, 'bless us with ur grace admin...what is it a software? or something? easy or hard?', '2015-01-14 19:00:32'),
(330, 13, 200, 'ok need that promised clue admin... am clueless...', '2015-01-14 19:03:21'),
(331, 11, 13, 'Only,the first two pics are enough. Saif isnt needed :-P', '2015-01-14 19:09:04'),
(332, 11, 184, 'what/??????some1 said NEXT is not needed ? :P ', '2015-01-14 19:11:50'),
(333, 10, 13, 'Its not a software,company,person. ;) find out what ACE means in hindi. That might help ;) ', '2015-01-14 19:11:58'),
(334, 6, 23, 'is it a usb related software?', '2015-01-14 19:13:01'),
(335, 11, 184, 'does the answer have any special characters like \\'' (apostrophe) etc?', '2015-01-14 19:14:24'),
(336, 11, 13, 'No,special characters. And next is very much important for the answer.', '2015-01-14 19:16:44'),
(337, 9, 19, 'clues mods ', '2015-01-14 19:18:31'),
(338, 13, 13, 'Ill give a hint once more people ask for it. Now is time,to start with the hints.', '2015-01-14 19:18:34'),
(339, 3, 229, 'got it..ignore!!', '2015-01-14 19:20:06'),
(340, 11, 184, 'is it a****N*** related?', '2015-01-14 19:21:05'),
(341, 8, 62, 'what is thar swan?', '2015-01-14 19:22:02'),
(342, 13, 237, 'clues??! i get something with first pic, don\\''t know how to tackle 2nd', '2015-01-14 19:24:33'),
(343, 11, 13, 'Why don\\''t you try that as the answer my friend? ', '2015-01-14 19:24:41'),
(344, 3, 9, 'Find out another name of the bird in the 2nd picture ', '2015-01-14 19:29:05'),
(345, 13, 230, 'Hint Please. I\\''m asking for it.', '2015-01-14 19:31:01'),
(346, 8, 187, 'I got a company related to the Swan but how to get to the answer from it? ', '2015-01-14 19:31:07'),
(347, 13, 174, 'This level seems pretty hard...I think it\\''s time we get a hint! please admin, provide a hint!', '2015-01-14 19:32:13'),
(348, 13, 13, 'Okay,try do understand what the pics are trying to show. They are denoting something. ;) ', '2015-01-14 19:32:26'),
(349, 13, 230, 'Need to find the name of **o****o* with that **ee* ?', '2015-01-14 19:32:44'),
(350, 4, 25, 'is it a website related with astronomy?', '2015-01-14 19:32:57'),
(351, 13, 237, 'this is a clue? :P if yes, _/\\\\_', '2015-01-14 19:33:29'),
(352, 12, 184, 'some hint please', '2015-01-14 19:34:37'),
(353, 7, 96, 'Any more hints, please?', '2015-01-14 19:35:37'),
(354, 13, 174, 'whatta hint!!!!!!! -_-', '2015-01-14 19:37:06'),
(355, 8, 2, 'save the 2nd pic in your computer..the image name is a hint as well...', '2015-01-14 19:38:42'),
(356, 6, 1, 'Nope, not a USB related software. My previous hint should be enough to figure it out. ', '2015-01-14 19:38:52'),
(357, 7, 2, 'observe the two pics and find the common link..', '2015-01-14 19:40:07'),
(358, 13, 230, 'related to ***n ?', '2015-01-14 19:40:42'),
(359, 13, 221, 'found, what next?', '2015-01-14 19:43:34'),
(360, 4, 227, 'related to socialnetworking??', '2015-01-14 19:43:52'),
(361, 6, 277, '4th pic is which one?? the one with solar system??', '2015-01-14 19:45:22'),
(362, 13, 13, 'Hint 2: there is something written in the pic on top. That is a big clue that should help you channel down your search.', '2015-01-14 19:45:40'),
(363, 8, 187, 'the answer is a person related to it?', '2015-01-14 19:46:14'),
(364, 13, 13, 'Aishvary: No..wrong track.Best part about the question is..it is simple enough to be done without google.', '2015-01-14 19:47:05'),
(365, 6, 1, 'Okay . Major hint guys - The answer is related to the physical appearance of a USB. Now try to find the answer using the other hints as well. ', '2015-01-14 19:48:05'),
(366, 9, 13, 'Google his child with the first pic. Literally. ', '2015-01-14 19:50:42'),
(367, 9, 13, 'I cannot believe you guys are stil stuck up here. Buck up guys.', '2015-01-14 19:51:22'),
(368, 6, 245, 'Answer Rumela\\''s question please? Will you? :3 ', '2015-01-14 19:52:46'),
(369, 6, 2, 'Giveaway: The answers is something connected with Internet Explorer...', '2015-01-14 19:57:23'),
(370, 8, 2, 'nope', '2015-01-14 19:58:44'),
(371, 13, 237, 'i get 3.33 ghz, is it relevant?', '2015-01-14 19:58:51'),
(372, 4, 2, 'Giveaway:The website was recently closed by Google.', '2015-01-14 20:01:33'),
(373, 8, 62, 'i got cy**** from the 2nd pic but i can\\''t figure how its related to d 1st pic..hint for 1st pic plzz..', '2015-01-14 20:02:04'),
(374, 13, 13, 'The number in the above comment is irrelevant. The other part is :)', '2015-01-14 20:04:29'),
(375, 8, 2, 'Giveaway: The answer is a computer program...', '2015-01-14 20:09:36'),
(376, 9, 19, 'googled many times but didnt locate the answer ', '2015-01-14 20:12:25'),
(377, 13, 237, 'is the time in the 1st pic even important?', '2015-01-14 20:12:30'),
(378, 8, 187, 'that is already known sir...but some other hint..', '2015-01-14 20:13:10'),
(379, 9, 13, 'Okay. Another name for www... Is in*****t use it', '2015-01-14 20:13:15'),
(434, 8, 34, 'So, I am supposed to link the keyword from the 2nd pic to the 1st pic, where does the image name come in?', '2015-01-14 21:53:55'),
(381, 7, 24, 'any investment related issues?', '2015-01-14 20:16:32'),
(382, 8, 187, 'ok, if it is what i think..is it the destroyer or the protector?', '2015-01-14 20:17:09'),
(383, 13, 13, 'Tushar : the time in the first pic only becomes relevant once you compare it to..the time in the pic below ;)', '2015-01-14 20:18:11'),
(384, 12, 184, '@admin, what kind of a hint what that ??  :P ', '2015-01-14 20:18:36'),
(385, 3, 160, 'I don\\''t see any 2nd picture. You there admin?', '2015-01-14 20:19:32'),
(386, 12, 184, 'what has the last pic got to do with the other 3 people? give SOMETHING atleast :P ', '2015-01-14 20:19:40'),
(387, 13, 221, 'ok, what about the answer format?', '2015-01-14 20:22:31'),
(388, 13, 237, 'comparison comes first or ghz?', '2015-01-14 20:23:44'),
(389, 13, 13, 'Answer plain simple English.', '2015-01-14 20:25:16'),
(390, 2, 181, 'Name of cities in source code? Guess I must be blind :D', '2015-01-14 20:32:31'),
(391, 10, 87, 'getting a very close answer...please give me some more clue', '2015-01-14 20:33:14'),
(392, 3, 234, 'yes what is the \\"2nd picture\\" ?', '2015-01-14 20:33:53'),
(393, 2, 181, 'Eyesight restored :D', '2015-01-14 20:35:46'),
(394, 13, 230, 'a single word ?', '2015-01-14 20:36:38'),
(395, 13, 188, 'I think it is related to m********   m*** ?right direction?', '2015-01-14 20:39:58'),
(396, 13, 221, 'i think i would have tried everything related to what has been provided, any other hint apart from the pic or the title ?  :-P', '2015-01-14 20:40:25'),
(433, 9, 96, 'His children\\''s name isn\\''t availble on the netAny other hints?', '2015-01-14 21:53:40'),
(398, 7, 56, 'some more clues needed', '2015-01-14 20:42:37'),
(399, 13, 13, 'Yes,single word. Come on guys. I know the hints are scarce. But you guys have come this far,IM sure you will figure it out. ', '2015-01-14 20:43:31'),
(400, 10, 19, 'any hint admin?', '2015-01-14 20:45:19'),
(401, 12, 13, '...the second pic..is a straightforward clue..', '2015-01-14 20:45:28'),
(402, 10, 87, 'help admin help !!!', '2015-01-14 20:46:26'),
(403, 9, 187, 'cannot find anything about lee\\''s children..please help..', '2015-01-14 20:54:28'),
(404, 8, 267, 'cant relate any of these. please give some more hints.', '2015-01-14 21:01:03'),
(405, 7, 56, 'what is it?', '2015-01-14 21:03:30'),
(406, 10, 187, 'got a person\\''s name...what to do after that?', '2015-01-14 21:03:44'),
(407, 10, 191, 'if it is not a software, company, or person, then what is it..??? please tell it...just need to know the category', '2015-01-14 21:06:43'),
(409, 14, 188, 'some clarification needed:why does the leaderboard keep on changing ? I was on first and now on second', '2015-01-14 21:18:35'),
(410, 5, 229, 'a bit more help plz..stuck for a very long time :(', '2015-01-14 21:19:11'),
(411, 5, 176, 'ya', '2015-01-14 21:21:48'),
(412, 8, 96, 'Are we required to find the name of the v**************(intentionally enlogated asterisks :P )?', '2015-01-14 21:23:11'),
(413, 14, 87, 'Hi admin...please provide some clue as to what these 3 people should lead me to.', '2015-01-14 21:23:24'),
(414, 5, 291, 'how to relate d character to the 1st picture..??', '2015-01-14 21:23:58'),
(415, 14, 188, 'I got what is common ,please tell the format as answer is hard to put', '2015-01-14 21:25:33'),
(416, 13, 221, 'anymore hints? ', '2015-01-14 21:26:32'),
(417, 7, 120, 'any more hints admin', '2015-01-14 21:27:04'),
(418, 10, 175, 'help admin !!!!', '2015-01-14 21:27:58'),
(419, 5, 227, 'Admin Is it an android app??', '2015-01-14 21:29:04'),
(420, 8, 62, 'more hints plz....stuck on this level for a long time.. ', '2015-01-14 21:29:52'),
(421, 3, 181, 'No 2nd pic!!!', '2015-01-14 21:33:58'),
(423, 11, 2, 'The first image is a part of the answer', '2015-01-14 21:36:24'),
(424, 3, 189, 'no 2nd pic', '2015-01-14 21:37:01'),
(425, 3, 181, 'Guess the bird flew away to her nest :D', '2015-01-14 21:37:49'),
(426, 9, 2, 'Giveaway:It is a very famous website', '2015-01-14 21:38:27'),
(427, 13, 174, 'one more hint plz admin!', '2015-01-14 21:38:37'),
(428, 3, 181, 'Probably some problem... plz give us the answer so that we can proceed. The timer ain\\''t stopping!!! :D ', '2015-01-14 21:41:52'),
(429, 7, 120, 'is it related to any app or technology', '2015-01-14 21:44:03'),
(430, 13, 184, 'HINT!!!!!!:P', '2015-01-14 21:46:54'),
(431, 14, 13, 'The leaderboard runs on an algorithm that takes into account the most recent try. Do not worry,we have your timestamps. If you reach a level first. It stays,do not worry.', '2015-01-14 21:49:50'),
(435, 14, 13, 'Okay,what clues have you got?', '2015-01-14 21:54:24'),
(436, 14, 188, '\\"c******  d***o*** ?', '2015-01-14 21:55:16'),
(437, 8, 34, 'Are we looking for an a*******s program?', '2015-01-14 21:59:56'),
(438, 12, 2, 'The 3 pics signify three famous characters these men have portrayed....google the charactersand try to find the common link', '2015-01-14 22:00:44'),
(439, 14, 87, 'none', '2015-01-14 22:01:14'),
(440, 12, 178, 'related to a famous game?', '2015-01-14 22:03:59'),
(441, 13, 184, 'oh admin, my admin.drop a hint. ', '2015-01-14 22:07:48'),
(442, 14, 174, 'hint plz admin! there can be lots of connects...', '2015-01-14 22:11:05'),
(443, 10, 13, 'Its a Computer.', '2015-01-14 22:14:49'),
(444, 9, 13, 'When i say Lee\\''s child. It means something he created,the most famous thing. Starts with I.', '2015-01-14 22:17:12'),
(445, 14, 230, 'Hint Please. o.O', '2015-01-14 22:17:44'),
(446, 14, 230, 'Hint Please. o.O', '2015-01-14 22:17:49'),
(447, 6, 181, 'Is it something related to snakes?', '2015-01-14 22:27:04'),
(448, 2, 298, 'starting letter of the software', '2015-01-14 22:28:47'),
(449, 9, 96, 'How to connect his child\\''s name with the 1st pic?', '2015-01-14 22:29:35'),
(450, 9, 96, 'Last hint, please? :P', '2015-01-14 22:29:50'),
(451, 12, 26, 'how to connect the place F******??', '2015-01-14 22:31:34'),
(452, 8, 34, 'can you say yes or no or something?', '2015-01-14 22:32:10'),
(453, 11, 187, 'how is the first image related to the second? admin please help', '2015-01-14 22:32:51'),
(454, 14, 48, 'hint  on how to connect...', '2015-01-14 22:34:16'),
(455, 8, 34, 'Please!!!', '2015-01-14 22:37:05'),
(456, 14, 13, '...there is some pretty straightforward connect to them. The idea is to figure out how it related to the world of IT', '2015-01-14 22:39:06'),
(457, 12, 13, 'Akash...the first thing that comes to Mind about the place F******', '2015-01-14 22:40:47'),
(458, 2, 298, 'all the clues above point to a word starting with m***???', '2015-01-14 22:42:09'),
(459, 3, 303, '2nd pic is hidden ?', '2015-01-14 22:42:09'),
(460, 2, 298, 'admin please help', '2015-01-14 22:42:19'),
(461, 12, 26, 'N****', '2015-01-14 22:42:21'),
(462, 8, 43, 'thar swan or the swan ?', '2015-01-14 22:43:11'),
(463, 14, 174, 'c****** d******s ...right track???', '2015-01-14 22:43:43'),
(464, 6, 189, 'is the 1st hint..starts with T ? ', '2015-01-14 22:44:30'),
(465, 14, 184, 'dont you have any source code hints anymore ?  :P ', '2015-01-14 22:44:47'),
(466, 6, 189, 'does the 1st hint start with T?', '2015-01-14 22:44:57'),
(467, 12, 2, 'Akash...the answers is very connected to N****', '2015-01-14 22:51:41'),
(468, 12, 1, '@Akash - You are on the right track. ', '2015-01-14 22:54:28'),
(469, 9, 306, 'How do i relate m******** and i*******?', '2015-01-14 22:56:24'),
(470, 11, 187, 'admin please stuck here for a long time :(', '2015-01-14 22:58:40'),
(471, 9, 120, 'any more hints admin plsss', '2015-01-14 23:04:33'),
(472, 14, 13, 'There is a generic connect to these people. Their companies are irrelevant.', '2015-01-14 23:08:18'),
(473, 13, 1, 'Major hint  - It is related to computer processors', '2015-01-14 23:09:02'),
(474, 9, 2, 'Giveaway:It is known as the \\" ********e\\" of I*******the quoted word can be derived from the first pic..', '2015-01-14 23:09:36'),
(475, 14, 48, 'they are all d****** is it ryt track?', '2015-01-14 23:09:37'),
(476, 14, 200, 'admin are you evil?', '2015-01-14 23:11:36'),
(477, 14, 13, 'Don\\''t be evil. Is our motto Subrangshu.', '2015-01-14 23:19:10'),
(478, 14, 48, 'thats nt your motto :P that motto has a copyright :P', '2015-01-14 23:20:19'),
(479, 14, 13, 'Okay,this level would be a little tough without hints. As I purposely omitted hints. I shall post a hint in a few minutes. Remember something generic connects them. They all fall into a list of Americans.', '2015-01-14 23:21:10'),
(480, 13, 26, 'Is f********* related??', '2015-01-14 23:21:13'),
(481, 11, 187, 'you are making us lose our interest in this, please interact... ', '2015-01-14 23:22:02'),
(482, 14, 13, 'We love Google Ashish! We all do :P', '2015-01-14 23:22:16'),
(486, 14, 26, '\\"You gotta be kidding me!\\" Is that a hint??', '2015-01-14 23:33:39'),
(484, 10, 23, 'the hint from the source code relates to what??', '2015-01-14 23:27:08'),
(485, 14, 283, 'Need a better hint.', '2015-01-14 23:29:51'),
(487, 14, 200, 'no thats what the admin will be screaming out when we slowly and painfully gut him/her for torturing us thus', '2015-01-14 23:35:08'),
(488, 14, 184, 'please , another hint!', '2015-01-14 23:35:29'),
(489, 14, 26, 'Or maybe thats what comes to our mind when we see the pictures!!! :P', '2015-01-14 23:40:16'),
(490, 2, 1, '@Punit - You are so close. Now connect it with Open source, You shall have the answer. ', '2015-01-14 23:41:16'),
(491, 6, 25, 'got a *l*gi* related to internet explorer.But how to proceed then?Right track?', '2015-01-14 23:45:16'),
(492, 14, 13, 'Yes,akash. That is in essence a hint.', '2015-01-14 23:45:50'),
(493, 14, 200, 'that too... that too... but i like my idea better 3:D  what say admin?', '2015-01-14 23:46:38'),
(494, 14, 26, 'Any good hint??? :P', '2015-01-14 23:46:46'),
(495, 14, 13, 'Major hint: Firstly,these three are America\\''s ******* people in tech.', '2015-01-14 23:47:03'),
(496, 14, 13, 'Second clue : veblen goods...', '2015-01-14 23:48:27'),
(497, 2, 208, 'What is the connect of the keyword from the cities and the women in pictures?', '2015-01-14 23:49:18'),
(498, 5, 301, 'what type of clue do we get from the 1st pic??', '2015-01-14 23:50:11'),
(499, 7, 215, 'What is it?', '2015-01-14 23:51:57'),
(500, 14, 48, 'got the first part long back but how are we supposed to connect second clue to it :/', '2015-01-14 23:56:27'),
(501, 14, 283, 'More hints.', '2015-01-15 00:02:21'),
(502, 10, 120, 'wat does the second image imply?', '2015-01-15 00:07:41'),
(503, 12, 24, 'What is it? A company? software? product? locale?', '2015-01-15 00:09:05'),
(504, 15, 26, 'And what are we searching for here??', '2015-01-15 00:10:42'),
(505, 15, 13, 'Welcome. Akash,Koustav,Nabilur and Subhrabgshu. You have done well to cross a roadblock. I hope this level shall entertain you enough. Love Admin :D', '2015-01-15 00:10:43'),
(506, 13, 306, 'Anything else that you can share to save our poor souls?', '2015-01-15 00:14:34'),
(507, 14, 223, 'not related to R**** R**** ???', '2015-01-15 00:15:43'),
(508, 15, 26, '\\"love\\" it\\''s in the level, I can see that....sorry hear that... :P', '2015-01-15 00:16:32'),
(509, 14, 13, 'No sumit', '2015-01-15 00:17:12'),
(510, 14, 188, 'not getting anything -_-', '2015-01-15 00:18:00'),
(511, 10, 120, 'admin???thda sa hint.....', '2015-01-15 00:24:28'),
(512, 12, 303, 'format ?', '2015-01-15 00:32:54'),
(513, 11, 23, 'is it a game for sure?', '2015-01-15 00:33:47'),
(514, 13, 43, 'any more hints ?', '2015-01-15 00:36:44'),
(515, 14, 184, 'what is the answer like ? is it a person/product/concept ?', '2015-01-15 00:38:43'),
(516, 16, 48, 'related to d******?', '2015-01-15 00:41:59'),
(517, 16, 26, 'hints please!!!', '2015-01-15 00:46:06'),
(518, 6, 9, 'The personality in the first picture is famous for which book? Take the main character from that book', '2015-01-15 00:48:01'),
(519, 17, 283, 'hints?', '2015-01-15 00:49:55'),
(520, 17, 283, 'hints?', '2015-01-15 00:49:55'),
(521, 16, 200, 'anything admin?', '2015-01-15 00:50:57'),
(522, 17, 13, 'No hints till 10 AM. Good night . Good going.', '2015-01-15 00:53:25'),
(523, 16, 13, 'All in good time. Calling it night guys.', '2015-01-15 00:54:09'),
(524, 17, 283, 'wuuut, why?', '2015-01-15 01:03:17'),
(525, 16, 26, 'okay.... level 16 showing 5 made it.... but in the leaderboard only 2 in level 17... :P', '2015-01-15 01:03:50'),
(526, 11, 280, 'admin said \\"this has to do with very famous games\\".....is the answer a game or something else?', '2015-01-15 01:16:27'),
(527, 14, 187, 'Admin please answer...', '2015-01-15 01:17:01'),
(528, 14, 303, 'need more hints', '2015-01-15 01:23:16'),
(536, 2, 13, 'The cities are locations of indian mint', '2015-01-15 02:36:23'),
(530, 19, 221, 'Hint please!!  ', '2015-01-15 01:34:34'),
(531, 19, 223, 'something to do with m** o* s**** / s***r**n???', '2015-01-15 01:51:01'),
(532, 19, 221, 'admin.. one hint! :-P', '2015-01-15 01:57:10'),
(533, 14, 24, 'Is it related to graduating?', '2015-01-15 01:59:31'),
(534, 12, 13, 'A product.', '2015-01-15 02:02:29'),
(535, 11, 231, 'any more hint apart from Next and Famous games @admin?', '2015-01-15 02:09:41'),
(537, 14, 261, 'i found the link between these 3, still cannot pass on to the next level. is it c****** d****** or u*********? :/', '2015-01-15 03:00:39'),
(538, 13, 306, 'Admin???', '2015-01-15 05:53:18'),
(539, 13, 306, 'Is it a process?', '2015-01-15 08:34:50'),
(549, 11, 160, 'hey admin, have you gone to sleep?', '2015-01-15 10:03:47'),
(541, 11, 267, 'cant relate any of these. where is the admin??', '2015-01-15 08:57:07'),
(542, 8, 215, 'Any more hints please?', '2015-01-15 09:01:20'),
(543, 11, 295, 'Admin some more clues please .....', '2015-01-15 09:09:19'),
(544, 1, 323, 'plz help admin... ', '2015-01-15 09:22:00'),
(545, 8, 34, 'Mod, please one last nudge!! People have gone so far away!!', '2015-01-15 09:23:01'),
(546, 11, 120, 'admin some more clues.where r u admin?', '2015-01-15 09:28:29'),
(547, 16, 45, 'Admin, hints please!', '2015-01-15 09:29:17'),
(548, 11, 267, 'admin, dont angry me!!!', '2015-01-15 09:30:36'),
(550, 19, 174, '10AM! Time for hints admin!', '2015-01-15 10:07:39'),
(551, 19, 13, 'Yes,wait for it. The hints have been delayed. :)', '2015-01-15 10:11:33'),
(552, 6, 209, 'I got the link between the main character of the book and internet explorer . But that is clearly not the answer and I dont find its link to the physical appearance of a USB. Some help?', '2015-01-15 10:20:22'),
(553, 16, 26, 'Hints please...... _/|\\\\_', '2015-01-15 10:28:05'),
(554, 19, 174, '---_______________________________________---', '2015-01-15 10:31:08'),
(555, 17, 26, 'Where is the hint scheduled at 10AM?? :P', '2015-01-15 10:31:23'),
(556, 17, 45, 'hints ?', '2015-01-15 10:32:26'),
(557, 14, 184, 'how many letters does the answer have ? ', '2015-01-15 10:38:04'),
(558, 14, 43, 'admin hints >?', '2015-01-15 10:39:11'),
(559, 14, 43, 'what is it ? a name/program/website ?', '2015-01-15 10:39:29'),
(560, 8, 139, 'oh please admin could u give just one more hint....', '2015-01-15 10:48:30'),
(561, 20, 174, 'Hints plz admin!', '2015-01-15 11:16:39'),
(562, 8, 139, 'i got the name of the person long ago..also read the page abt the character...but still havent got the link..pls one more hint..', '2015-01-15 11:20:39'),
(563, 14, 187, 'admin please reply..another hint..the common link is not leading to the answer...is it a technical term? company? tried almost everything -_-', '2015-01-15 11:22:46'),
(564, 14, 1, 'You the second clue i.e. Veblen goods and use the common factor between the three personalities.Now use google and come to the answer. ', '2015-01-15 11:35:46'),
(565, 17, 2, 'Hint: try to find the common link among the images...', '2015-01-15 11:43:06'),
(566, 19, 223, 'Admin hint plz.. 12 PM now', '2015-01-15 11:58:01'),
(567, 13, 23, 'is it a hardware product?? ', '2015-01-15 12:19:38'),
(568, 13, 23, 'is it a hardware product?? ', '2015-01-15 12:19:38'),
(569, 13, 23, 'is it a hardware product?? ', '2015-01-15 12:19:38'),
(570, 13, 23, 'is it a hardware product?? ', '2015-01-15 12:19:38'),
(571, 13, 23, 'is it a hardware product?? ', '2015-01-15 12:19:39'),
(572, 14, 187, 'related to G**** P****??', '2015-01-15 12:22:52'),
(573, 19, 1, 'The hints have been delayed due to some reasons. Keep trying. We will post a hint very soon. ', '2015-01-15 12:23:31'),
(574, 17, 45, 'can\\''t link anything ..more hints please !! ', '2015-01-15 12:24:01'),
(575, 16, 48, 'm******** c****** shud be it :/ any hints ??', '2015-01-15 12:26:26'),
(576, 15, 184, 'what are we look for, here ?', '2015-01-15 12:29:01'),
(577, 15, 184, 'does the answer have to do with the song, or its singer? ', '2015-01-15 12:31:16'),
(578, 14, 187, 'the common link between them is the technical one or the other one? show some mercy admin, google is not helping :P', '2015-01-15 12:55:56'),
(579, 11, 34, 'hey admin, look at the number of people stuck at 11. At least give one more hint!!', '2015-01-15 12:59:20'),
(580, 19, 188, 'Please provide something.People have already cracked the level', '2015-01-15 13:03:43'),
(582, 11, 13, 'It is a game engine.notice what coyote is holding in the first pic. Find that.', '2015-01-15 13:07:17'),
(583, 19, 223, 'need atleast something to do.. a starter plz', '2015-01-15 13:10:18'),
(584, 19, 48, 's********* involved?', '2015-01-15 13:11:37'),
(585, 19, 48, 's********* involved?', '2015-01-15 13:11:38'),
(586, 20, 13, 'Hint 1: refer to the image names', '2015-01-15 13:13:02'),
(587, 19, 13, 'Hint: main toh s******* Salman ka fan :D:D', '2015-01-15 13:14:00'),
(588, 13, 13, 'Hint: its a process', '2015-01-15 13:15:13'),
(589, 14, 187, 's***** s***** ? right direction??', '2015-01-15 13:17:22'),
(590, 11, 34, 'Thanks!! :)', '2015-01-15 13:18:40'),
(591, 20, 188, 'Had you written it in c   ,It would have been more easy to understand', '2015-01-15 13:18:42'),
(592, 20, 188, 'oh sorry didnt read the image name', '2015-01-15 13:19:33'),
(593, 19, 223, 'A**** ka kyu nhi :P :P', '2015-01-15 13:19:55'),
(594, 20, 174, 'that\\''s of course the first thing I did! -_- some good hint on how to proceed, please admin!', '2015-01-15 13:20:11'),
(595, 11, 295, 'Pls, stuck in this level for a long time.... Giveaway pls', '2015-01-15 13:22:24'),
(596, 19, 48, 'is k***** right direction???', '2015-01-15 13:23:16'),
(597, 19, 13, 'Amir is PK :P i don\\''t do alcohol :D', '2015-01-15 13:23:38'),
(598, 12, 120, 'any more clues...stuck fr a long time', '2015-01-15 13:29:51'),
(599, 14, 187, 'why u no show up pirate? :/', '2015-01-15 13:32:31'),
(600, 20, 188, 'is the answer related to something recently released by g*****?', '2015-01-15 13:39:34'),
(601, 3, 106, '2nd pic?', '2015-01-15 13:40:04'),
(602, 5, 117, 'admin u dre?', '2015-01-15 13:42:26'),
(603, 14, 62, 'got the common link r****** but how to connect it with veblen good?? plz admin help..', '2015-01-15 13:43:21');
INSERT INTO `forum_posts` (`post_id`, `topic_id`, `posted_by`, `post`, `posted_on`) VALUES
(604, 20, 188, 'admin ??? we are grumpy not you :P ,clue do', '2015-01-15 13:43:54'),
(605, 8, 298, 'admin please help  .wat does a computer program represent . any application or algorithm', '2015-01-15 13:50:04'),
(606, 19, 223, 'what to take from pic a**** / m** ?? or u****a** p***w*** :-/ stucked..', '2015-01-15 14:01:45'),
(607, 12, 34, 'the characters are h***, s*** and b***, right?', '2015-01-15 14:05:29'),
(608, 13, 295, 'Lollipop', '2015-01-15 14:12:29'),
(609, 20, 174, 'please admin, at least give us a hint on what to take from first pic if the code doesnt really matter..', '2015-01-15 14:16:07'),
(610, 20, 13, 'Wrong track guys.  Hint : its a person', '2015-01-15 14:16:13'),
(611, 13, 120, 'is it a computer processor or a mobile processor??', '2015-01-15 14:16:45'),
(612, 13, 120, 'is it a computer processor or a mobile processor??', '2015-01-15 14:16:45'),
(613, 21, 13, 'Welcome Nabilur. Your knowledge and prowess in Computer Science has led you this far. But your true test begins now. Good Luck.', '2015-01-15 14:18:12'),
(614, 11, 9, 'Giveaway hint:Find out what Coyote is holding in the first pic. Club that with the 2nd pic and you get the answer ', '2015-01-15 14:20:05'),
(615, 21, 87, 'thanks admin. Can you give me some hint on this one?', '2015-01-15 14:20:41'),
(616, 21, 87, 'thanks admin. Can you give me some hint on this one?', '2015-01-15 14:20:41'),
(617, 21, 87, 'thanks admin. Please give me some hint on this one', '2015-01-15 14:20:42'),
(618, 21, 13, 'Its okay. If you want a hint. But why post the same thing thrice :P', '2015-01-15 14:25:23'),
(619, 19, 13, 'Hint: i am the answer', '2015-01-15 14:26:14'),
(620, 11, 160, 'Giveaway urgently needed. Stuck for a long time now.', '2015-01-15 14:26:46'),
(621, 11, 13, 'Its a popular game engine. How much,more do you need :P', '2015-01-15 14:27:56'),
(622, 12, 13, 'The first character is r**k', '2015-01-15 14:28:54'),
(623, 21, 87, 'some problem with the LAN in my hostel :P now can I have the hint please? :P', '2015-01-15 14:35:58'),
(624, 12, 9, ' Giveaway hint:Take the characters from the 3images and google them. The answer is the name of a cellphone product ', '2015-01-15 14:37:08'),
(625, 8, 301, 'what is the use of the program?? nd is it related to the company i\\''ve got??', '2015-01-15 14:39:04'),
(626, 13, 120, 'admin alive???', '2015-01-15 14:40:32'),
(627, 12, 267, 'reached till n****.  now what?', '2015-01-15 14:43:11'),
(628, 13, 120, 'give some clues admin', '2015-01-15 14:44:14'),
(629, 11, 160, 'At least the first letter.', '2015-01-15 14:47:17'),
(630, 12, 34, 'the 4th image need not be connected?', '2015-01-15 14:51:33'),
(631, 12, 34, 'I got the name of an app S****m which comes as a link of the three characters, but not accepting..', '2015-01-15 14:53:19'),
(632, 20, 188, 'still not getting ,something more to work on?', '2015-01-15 14:55:00'),
(633, 15, 23, 'is it an app?', '2015-01-15 14:55:33'),
(634, 13, 295, 'Admin some more clues plsssssss', '2015-01-15 14:56:04'),
(641, 21, 87, 'i think i am on the right track...can you tell me what the answer is supposed to be? a person/technology/jargon?', '2015-01-15 15:07:07'),
(636, 20, 174, 'Topper is at 23! Give a good hint now at least! :/', '2015-01-15 14:57:57'),
(637, 20, 48, 'some hint admin pls.. on the second set ..', '2015-01-15 14:58:19'),
(638, 23, 200, 'aid mr. admin?', '2015-01-15 14:59:55'),
(639, 21, 87, 'and what about the other 2 images', '2015-01-15 15:00:44'),
(640, 21, 13, 'Take them as they are.', '2015-01-15 15:03:26'),
(642, 14, 187, 'hint pleaseeee admin..', '2015-01-15 15:12:57'),
(643, 22, 87, 'hint please?', '2015-01-15 15:13:01'),
(644, 7, 56, 'ok... its been 18hrs... still stuck. atleast one more clue will suffice!', '2015-01-15 15:13:35'),
(645, 23, 87, 'help please', '2015-01-15 15:18:05'),
(646, 24, 87, 'some hints please', '2015-01-15 15:25:22'),
(647, 20, 2, 'HInt: Interpret the images literally...don\\''t go into details', '2015-01-15 15:25:37'),
(648, 15, 2, 'Hint: The answers is in the song!!', '2015-01-15 15:28:09'),
(649, 25, 200, 'tada!', '2015-01-15 15:28:52'),
(650, 17, 2, 'Find the common link between 1st image and 2nd image,.....tthen relate it with the 3rd image...you will get the answer', '2015-01-15 15:29:47'),
(651, 13, 145, 'has it something to do with o*******k ??', '2015-01-15 15:34:37'),
(652, 20, 174, 'please admin, 1 good hint...', '2015-01-15 15:34:54'),
(653, 20, 13, 'Remember. The guys at the top did it with whatever is posted here too. You will have your chance. hint: Take the images generically.', '2015-01-15 15:35:45'),
(654, 7, 209, 'Need hints please', '2015-01-15 15:37:19'),
(655, 17, 2, 'come on guys..this one is quite easy to crack.....lets heat up the competition', '2015-01-15 15:38:49'),
(656, 24, 87, 'please help', '2015-01-15 15:42:26'),
(657, 12, 267, 'link the real names or the characters shown in the picture?', '2015-01-15 15:45:07'),
(658, 13, 245, 'Where\\''s the giveaway clue ? ', '2015-01-15 15:46:30'),
(659, 12, 34, 'characters, man..', '2015-01-15 15:49:32'),
(660, 20, 13, 'Sum up of the hints : its a person and take the images on their most basic genre. That will lead you to something...from there the person\\''s name will be easy to figure.', '2015-01-15 15:52:39'),
(661, 18, 326, '', '2015-01-15 15:55:01'),
(662, 18, 326, 'hint please!!????', '2015-01-15 15:55:17'),
(663, 12, 34, 'I guess there wont be any more hints here.. Nothing is being accepted.. :(', '2015-01-15 16:00:23'),
(664, 24, 2, 'no hints before evening!', '2015-01-15 16:02:05'),
(665, 25, 200, 'well no hint what it is... some aid mr. admin?', '2015-01-15 16:03:48'),
(666, 13, 160, 'Hey admin, where is the giveaway?', '2015-01-15 16:04:20'),
(690, 13, 25, 'is it related to overclocking?', '2015-01-15 16:37:12'),
(689, 14, 1, 'Okay.. another hint. - Answer is related to iOS in some way. This is a giveaway. You should be able to solve it now. ', '2015-01-15 16:36:56'),
(688, 20, 174, 'a** from 2nd pic??', '2015-01-15 16:34:57'),
(687, 14, 1, '@sindhuja Look at the hint posted on 11:35. ', '2015-01-15 16:33:12'),
(686, 14, 160, 'Hey admin, isn\\''t it time for a giveaway?', '2015-01-15 16:32:05'),
(673, 14, 2, 'whats that one statement that all of them can say confidently?', '2015-01-15 16:05:06'),
(674, 18, 2, 'HInt:It is related to the first image', '2015-01-15 16:08:20'),
(675, 12, 267, 'i understood the name of the app u pointed sayantan. but the ans is not an app', '2015-01-15 16:11:12'),
(708, 20, 174, '1st - **v* ?', '2015-01-15 17:01:34'),
(677, 25, 13, 'Nope. No hints till 10.', '2015-01-15 16:12:08'),
(678, 14, 187, 'i am rich??', '2015-01-15 16:13:45'),
(679, 13, 277, 'admin plzzzz..... something more.....', '2015-01-15 16:14:00'),
(680, 14, 187, 'i am a c***** d******? that they are confident :p', '2015-01-15 16:14:37'),
(681, 12, 267, 'is the ans a model number of a cellphone or just the company name?', '2015-01-15 16:15:03'),
(682, 14, 62, 'their coming generations dont have to earn to live a life full of comfort..pls admin.. we need a giveaway..leader is already up to 25..', '2015-01-15 16:16:41'),
(683, 12, 13, 'You are close. Its a simple small word :)', '2015-01-15 16:18:57'),
(684, 12, 13, 'Major giveaway hint : name of a famous cellphone', '2015-01-15 16:19:29'),
(685, 13, 13, 'Giveaway: iits related to changing the clocking rates of the cpu', '2015-01-15 16:20:45'),
(691, 14, 187, 'have tried that many times but not getting close to any of the part..the ones i mentioned..do any of them lead to the answer?', '2015-01-15 16:37:46'),
(692, 14, 160, 'Come on admin. Save us. We urgently need a giveaway.', '2015-01-15 16:40:30'),
(693, 14, 160, 'Come on admin. Save us. We urgently need a giveaway.', '2015-01-15 16:40:32'),
(694, 15, 187, 'there is no answer box in my page ', '2015-01-15 16:42:26'),
(695, 15, 187, 'last level was funny one..had it all along :P', '2015-01-15 16:42:50'),
(696, 14, 160, 'Your hints are no good.', '2015-01-15 16:45:20'),
(697, 14, 160, 'Your hints are no good.', '2015-01-15 16:45:21'),
(698, 14, 160, 'Your hints are no good.', '2015-01-15 16:45:22'),
(699, 14, 120, 'pls give a giveaway', '2015-01-15 16:46:00'),
(700, 20, 13, 'Yes. Right track.', '2015-01-15 16:46:49'),
(701, 16, 62, 'hint plz..admin', '2015-01-15 16:49:53'),
(702, 20, 174, 'c*** from 1st pic?', '2015-01-15 16:51:21'),
(703, 16, 187, 'is A*** g*** f***** even related?', '2015-01-15 16:51:38'),
(704, 20, 223, '1- c*** , 2- *h*e* ???', '2015-01-15 16:51:49'),
(705, 16, 19, 'hints', '2015-01-15 16:53:24'),
(706, 20, 13, 'C*** is the wrong clue. Its simple. When you get the answer you shall understand it was direct.', '2015-01-15 16:59:10'),
(707, 20, 13, 'The clue from the second pic as Prantar said is A**', '2015-01-15 16:59:47'),
(709, 15, 261, 'Lol! :D', '2015-01-15 17:04:38'),
(710, 16, 187, 'is *****y related to the answer in any way? 3rd pic gave something ', '2015-01-15 17:06:08'),
(711, 15, 25, 'which song admin the source one or the page one?', '2015-01-15 17:06:18'),
(712, 16, 187, 'admin hint time have your tea and set us free :P', '2015-01-15 17:21:38'),
(713, 20, 13, 'Nope. Try someother variation of C*** ', '2015-01-15 17:23:36'),
(714, 20, 223, '***g*a* ???', '2015-01-15 17:30:01'),
(715, 20, 13, 'Try with words to be sure :)', '2015-01-15 17:34:40'),
(716, 19, 26, 'You are Admin, P*****, J*** S******, Mod.... what else are you??', '2015-01-15 17:51:48'),
(717, 17, 25, 'related to ram?', '2015-01-15 17:52:11'),
(718, 19, 2, 'Giveaway:What is other name for admin?think...the first image is part of the answer', '2015-01-15 17:54:57'),
(719, 25, 200, 'come on admin! still no clue... need a pointer...', '2015-01-15 17:55:13'),
(720, 10, 139, 'Admin..could u clarify ur last statement.. the answer is the name of a computer??', '2015-01-15 18:00:37'),
(721, 19, 26, '1st image?? there is only one image....', '2015-01-15 18:00:57'),
(722, 15, 231, 'More hint pls @admin! :D', '2015-01-15 18:02:20'),
(723, 16, 240, 'how to link the picture in the middle?', '2015-01-15 18:06:18'),
(724, 16, 187, 'is it a person, company or something else?', '2015-01-15 18:09:36'),
(725, 16, 306, 'Admin? Y u do dis? I crei :\\''( hints please...a giveaway sort of hint', '2015-01-15 18:10:33'),
(726, 20, 13, ' : all clues of the forum are now enough to get to the answer', '2015-01-15 18:16:04'),
(727, 23, 174, 'is the fact that there are horses in both pics important?', '2015-01-15 18:20:16'),
(728, 23, 174, 'is the fact that there are horses in both pics important?', '2015-01-15 18:20:17'),
(729, 25, 48, 's*********y??? inovled in this question????', '2015-01-15 18:23:48'),
(730, 16, 261, 'does it have any connection with a number?', '2015-01-15 18:26:48'),
(731, 16, 187, 'wo bist du verwalter! bitte helfen Sie uns :P', '2015-01-15 18:33:44'),
(732, 3, 1, 'Only one image is there in this level. Come on. This cannot be a reason for confusion. Move up quickly guys. ', '2015-01-15 18:41:36'),
(733, 3, 1, 'This is a very simple level. Just google what you see in the pic  and you shall have the answer. ', '2015-01-15 18:42:12'),
(734, 10, 1, 'Yes. It is a name of a computer. ', '2015-01-15 18:43:23'),
(735, 25, 174, '**n*** from source code??', '2015-01-15 18:45:32'),
(736, 17, 261, 'whenever i ask for help, i seem to solve the answer lol :P', '2015-01-15 18:46:29'),
(755, 20, 13, 'Yes..read the forum comments.', '2015-01-15 19:42:29'),
(756, 25, 48, 'some hint required..toodifficult to predict when only 1 image is given ...', '2015-01-15 19:43:20'),
(739, 15, 1, 'No .. the song on the main page. Not the source code one. ', '2015-01-15 18:49:07'),
(740, 15, 267, 'what type is the answer', '2015-01-15 18:49:28'),
(741, 23, 188, 'help please??', '2015-01-15 18:50:49'),
(742, 16, 1, 'Okay .. a major hint - There is something wrong in the world cup image. Try to figure that out. ', '2015-01-15 18:51:44'),
(743, 16, 1, 'For people who watched the world cup, this should be very easy :P ', '2015-01-15 18:52:13'),
(744, 21, 45, 'Admin hints please !! ', '2015-01-15 18:52:25'),
(745, 21, 26, 'Y u no give good hint admin?? :P', '2015-01-15 18:59:31'),
(746, 21, 45, 'evil admin :p  :D ', '2015-01-15 19:02:56'),
(747, 15, 267, 'is the answer the name of a person or what?', '2015-01-15 19:03:14'),
(748, 16, 187, 'are you taking about the part which is missing from the picture?', '2015-01-15 19:20:41'),
(749, 20, 25, 'any hint on what variation of c*** to take?', '2015-01-15 19:21:55'),
(750, 15, 267, 'is there any connection between the song and the m******', '2015-01-15 19:21:58'),
(751, 17, 96, 'It has been a long time since you have given a hint, mighty pirate! Come on give a giveaway hint! :P', '2015-01-15 19:24:28'),
(752, 23, 237, 'What from xin qiji?', '2015-01-15 19:31:39'),
(753, 21, 25, 'some hint adminplease', '2015-01-15 19:33:38'),
(754, 25, 13, 'Nope.', '2015-01-15 19:39:24'),
(757, 18, 306, 'Any thing more?', '2015-01-15 19:45:01'),
(758, 14, 160, 'Is it about some ios app?', '2015-01-15 19:54:14'),
(759, 16, 9, 'Giveaway hint:Someone rightly predicted the results of the matches shown in the 3rd image. Find that out', '2015-01-15 19:54:45'),
(760, 17, 62, 'is d relation between first two pics V***** S**********??? if yes,plz give a hint to relate dis with 3rd pic', '2015-01-15 19:58:47'),
(761, 25, 48, 'guys common whats the use of solving the level earlier :/ if you dont give hints..', '2015-01-15 19:59:19'),
(762, 25, 174, '^Exactly my point! you announced on page that you are giving giveaway hints for levels 15-20... level 21-24 are very easy...so everyone will reach 25 and catch up with us...we should get some advantage for solving the questions earlier...', '2015-01-15 20:05:11'),
(763, 16, 339, 'b*** ?', '2015-01-15 20:06:13'),
(764, 16, 339, 'nvm got it', '2015-01-15 20:06:45'),
(765, 17, 9, 'Giveaway hint:The persons in the 1st two images are famous for ________', '2015-01-15 20:07:27'),
(766, 18, 187, 'is it directly related to the movie? related how??', '2015-01-15 20:16:01'),
(767, 8, 181, 'Y u post more hints???', '2015-01-15 20:19:17'),
(768, 17, 139, 'admin..is the answer a program or something?', '2015-01-15 20:22:07'),
(769, 8, 181, '*no', '2015-01-15 20:24:53'),
(770, 21, 13, 'Guess who is back guys ;) now who wants hints?', '2015-01-15 20:27:26'),
(771, 23, 13, 'One of his creations ;)', '2015-01-15 20:28:50'),
(772, 15, 2, 'GIveaway: The answer is one of the words of the song...listen carefully...If you using source code hint..then try to see if u could find anything related to computer science in that video...', '2015-01-15 20:28:59'),
(773, 19, 187, 'there are a lot of names u r called by :P, how do i relate s******* to you? and the sole image ', '2015-01-15 20:31:18'),
(774, 25, 13, 'If you are good..you will prevail over others. Do not worry. There are two people who were stuck here long back. And you guys caught up with them , didnt you? :)', '2015-01-15 20:31:53'),
(775, 25, 13, 'Here is the catch ill do something for you only if all of you who are stuck at this level ask me for Help :P all of you need to make a post asking for help..i,promise ill give you help. :D', '2015-01-15 20:33:34'),
(776, 21, 26, 'me.....', '2015-01-15 20:34:18'),
(777, 16, 203, 'what about the other pics?are they irrelevant?is it a software/game?', '2015-01-15 20:35:03'),
(778, 21, 223, 'related to t*** ???', '2015-01-15 20:35:20'),
(779, 21, 13, 'Akash...the clue from the lady is her most notable work. You might also need a generic word for the source code hint. :)', '2015-01-15 20:36:36'),
(780, 19, 96, 'I got one part of the answer. How to get the other name of admin? there are so many names. which one should i focus on?', '2015-01-15 20:40:11'),
(781, 19, 187, 'related to k*****?? any other hint please..', '2015-01-15 20:40:22'),
(782, 21, 26, 'F*****S??', '2015-01-15 20:40:28'),
(783, 21, 13, 'Not related to whatever t*** is :P', '2015-01-15 20:40:52'),
(784, 25, 174, 'Here I go...Help admin!', '2015-01-15 20:43:27'),
(785, 19, 13, '....the user id given is important. Figure out who can have such a user id', '2015-01-15 20:44:12'),
(786, 17, 2, 'The answer is hidden in the first pic', '2015-01-15 20:46:35'),
(787, 19, 187, 'w******* ?? but not related i guess, right track??', '2015-01-15 20:50:31'),
(788, 19, 339, 'Is the answer a synonym for admin?', '2015-01-15 20:55:09'),
(789, 18, 275, 'another hint would be much appreciated admin!', '2015-01-15 20:57:08'),
(790, 24, 25, 'its evening....is the 1st pic some kind of instruction?', '2015-01-15 20:57:29'),
(791, 20, 96, 'A giveaway hint?', '2015-01-15 21:07:34'),
(792, 5, 319, 'does the name of character start with m???', '2015-01-15 21:09:14'),
(793, 19, 23, 'is it a person?', '2015-01-15 21:12:53'),
(794, 18, 275, 'how is it related? and is the answer a person or a program or something else?', '2015-01-15 21:14:20'),
(795, 19, 187, 'admin time for a hint please...the part of user id clue lead no where..help.. ', '2015-01-15 21:15:51'),
(796, 3, 83, 'admin wt bird??', '2015-01-15 21:18:36'),
(797, 19, 62, 'please give a giveaway hint admin..need to catch up..', '2015-01-15 21:21:42'),
(798, 24, 26, 'Is it a kind of encryption?? Do we have to decrypt it?? If yes, then how??', '2015-01-15 21:23:00'),
(799, 15, 320, 'One more hint...plzzz!! After checking d ans...its saying too close try again...help plz', '2015-01-15 21:23:16'),
(800, 19, 62, 'hint plz admin...', '2015-01-15 21:25:57'),
(801, 24, 26, 'We are almost into the bight captain, any aid to loot??', '2015-01-15 21:30:55'),
(802, 19, 275, 'a hint would be great...', '2015-01-15 21:31:33'),
(803, 19, 187, 'oh s******* save us! please..:p', '2015-01-15 21:33:57'),
(804, 20, 240, 'does it require programming knowledge?', '2015-01-15 21:44:25'),
(805, 20, 240, 'stuck in this level for a long time...', '2015-01-15 21:44:55'),
(806, 24, 2, 'Decode the passage...', '2015-01-15 21:48:54'),
(807, 19, 290, 'hint pls', '2015-01-15 21:48:54'),
(808, 21, 187, 'E*** is how related to the other pics? which direction to go?', '2015-01-15 21:49:32'),
(809, 15, 158, 'it saying \\"very close\\". didnt find what to add.. help plzz', '2015-01-15 21:49:46'),
(810, 24, 26, 'You don\\''t say.... :P', '2015-01-15 21:53:41'),
(811, 25, 48, 'help pls..', '2015-01-15 21:54:57'),
(812, 24, 223, 'its 10pm admin.. :P hint plz', '2015-01-15 21:58:05'),
(813, 19, 34, 'Need more, one last hint pls!!', '2015-01-15 21:58:38'),
(814, 21, 187, 'admin a clue please...', '2015-01-15 22:00:23'),
(815, 24, 26, 'okay R**** S****??', '2015-01-15 22:01:02'),
(816, 25, 174, '10 PM...we should get a hint now at least!', '2015-01-15 22:03:39'),
(817, 19, 2, 'There is a type of user who is allocated such an userid...do a background check and move on to level 20..:)', '2015-01-15 22:03:48'),
(818, 25, 25, '10 pmhelp now?', '2015-01-15 22:06:48'),
(819, 7, 319, 'neeed a clue please', '2015-01-15 22:08:49'),
(820, 21, 187, '** r****** f***** is any way related to the answer??', '2015-01-15 22:10:07'),
(821, 19, 2, '@vishnu..yes', '2015-01-15 22:15:10'),
(822, 21, 23, 'hey mr admin..is it a game??', '2015-01-15 22:17:50'),
(823, 20, 86, 'is it d** from first pic?', '2015-01-15 22:21:25'),
(824, 21, 187, 'a hint is all we crave, o mighty admin don\\''t send us to grave :v', '2015-01-15 22:23:30'),
(825, 24, 13, 'Yes Akash ..exaclty.', '2015-01-15 22:24:20'),
(826, 25, 13, 'You guys have held your nerve. Just 15 more mins guys :)', '2015-01-15 22:25:16'),
(827, 25, 87, 'yes...it\\''s been quite some time that we have been stuck here...help please...', '2015-01-15 22:26:33'),
(828, 25, 26, 'help plz', '2015-01-15 22:27:06'),
(829, 22, 96, 'Admin? Please give a hint, please? You have never given a hint when i ask for it ;(', '2015-01-15 22:33:45'),
(830, 25, 26, 'we r ready to chant \\"Aye Aye Captain\\".... fast.... ;)', '2015-01-15 22:41:03'),
(831, 16, 277, 'admin.... am not a fifa follower!!! so clues for this ignorant soul plzzz...', '2015-01-15 22:43:01'),
(832, 25, 13, 'Ahoy pirated. Almost there. The other admin is having dinner.', '2015-01-15 22:44:14'),
(833, 20, 240, 'cant proceed without a hint :(..', '2015-01-15 22:44:51'),
(834, 25, 26, 'What the hell?! Is it a hint or...or....or....?? leave it captain...', '2015-01-15 22:45:37'),
(835, 21, 34, 'one more hint admin pls!!', '2015-01-15 22:49:33'),
(836, 7, 348, 'where are the admins', '2015-01-15 22:50:06'),
(837, 18, 255, 'hint please admin:(', '2015-01-15 22:54:16'),
(838, 15, 320, 'Tried each word of the song but cud not find the ans. help :\\''(', '2015-01-15 22:54:48'),
(839, 21, 275, 'another hint please admin!', '2015-01-15 22:55:42'),
(840, 25, 19, 'help', '2015-01-15 22:58:43'),
(841, 25, 221, 'c\\''mon man.. be a good admin!  :-P   help help!', '2015-01-15 23:01:08'),
(842, 21, 62, 'a giveaway required admin ... lets heat up the competition', '2015-01-15 23:01:55'),
(843, 25, 1, 'You wanted help, HELP it is :P ', '2015-01-15 23:06:08'),
(844, 25, 26, 'Either admin has gone mad or wishes that we go mad...', '2015-01-15 23:07:53'),
(845, 25, 1, '@Akash - Check the Question page again. ', '2015-01-15 23:09:14'),
(846, 25, 1, 'It is a hint guys. Try to figure out the answer now. ', '2015-01-15 23:09:49'),
(847, 25, 221, 'admin   :-/', '2015-01-15 23:12:18'),
(848, 21, 187, 'the answer is a term or software what? what to extract from the first pic? ', '2015-01-15 23:12:50'),
(849, 25, 322, 'i know what u tryin to indicate, but how do i relate it to cs? is it a site or what?', '2015-01-15 23:13:36'),
(850, 23, 96, 'Something more?', '2015-01-15 23:21:48'),
(851, 23, 96, 'Admin?', '2015-01-15 23:22:06'),
(852, 21, 290, 'another hint plsss....', '2015-01-15 23:24:51'),
(853, 25, 1, 'The answer is heavily related to computer science. Try to use the image and the source hint properly. ', '2015-01-15 23:26:36'),
(854, 25, 13, 'Its a computer term.', '2015-01-15 23:27:11'),
(855, 25, 1, 'Hint - It is not related to beatles in any way. Just concentrate on the song. ', '2015-01-15 23:28:19'),
(856, 25, 25, 'the song name or something else in the song?', '2015-01-15 23:30:18'),
(857, 10, 1, 'And also read the explanation for Level 10 when you crack it. There is a surprise for you. :P ', '2015-01-15 23:31:02'),
(858, 21, 62, 'admin bhai hint kb dega..jb competition khtm ho jayega?', '2015-01-15 23:34:45'),
(859, 29, 87, 'admin...please help...give me some clue as to how to connect the images', '2015-01-15 23:35:20'),
(860, 25, 1, 'Try to use the song name and do a proper image search with the song name.', '2015-01-15 23:37:10'),
(861, 25, 25, 'image search with the given image or normal image search of the song name?', '2015-01-15 23:45:27'),
(862, 25, 26, 'Help??? image search??', '2015-01-15 23:45:46'),
(863, 23, 23, 'is it an it related term?? ', '2015-01-15 23:46:04'),
(864, 22, 62, 'admin hint plzz...', '2015-01-15 23:46:28'),
(865, 22, 62, 'give one hint atleast.', '2015-01-15 23:46:44'),
(866, 21, 283, 'Giveaway hint?', '2015-01-15 23:50:04'),
(867, 29, 1, 'Nabilur, brilliant work. We never expected someone to cross level 28 without a hint. You will receive help in some time. :)  ', '2015-01-15 23:50:07'),
(868, 25, 223, '*a**v* from image search ??', '2015-01-15 23:50:41'),
(869, 25, 1, 'Let me rephrase my hint. Try to find a image of people asking for HELP. Then observe that image closely. ', '2015-01-15 23:51:39'),
(870, 29, 87, 'paying attention in class (which happens very rarely) helped :P', '2015-01-15 23:53:57'),
(871, 25, 25, 'will we have to take a company from that?or the action?', '2015-01-15 23:55:45'),
(872, 25, 1, 'Use the source hint, the counting word and do a background check.  ', '2015-01-16 00:00:12'),
(873, 25, 1, '@Sumit - Nope ', '2015-01-16 00:00:39'),
(874, 25, 13, 'Major hint: its a computing term. The source code clue and c******g are types of it.', '2015-01-16 00:03:47'),
(875, 21, 184, 'dont be evil, admin. ', '2015-01-16 00:11:13'),
(876, 21, 184, 'hint!!!! please', '2015-01-16 00:11:20'),
(877, 29, 1, 'I know .. :D .', '2015-01-16 00:12:06'),
(878, 29, 87, 'may i now have the clue for this level please?', '2015-01-16 00:14:55'),
(879, 25, 221, 'should we use a single term or a phrase for the source code clue??', '2015-01-16 00:19:41'),
(880, 26, 26, 'any hint??', '2015-01-16 00:25:07'),
(881, 27, 48, 'some hints pls..', '2015-01-16 00:25:23'),
(882, 29, 13, 'No...you may,not :P', '2015-01-16 00:28:39'),
(883, 18, 120, 'wat is the it related to??', '2015-01-16 00:29:14'),
(884, 26, 13, 'Simple google search...will help. Also check source code', '2015-01-16 00:35:52'),
(891, 20, 245, '**r*p* from first image? ', '2015-01-16 00:48:04'),
(886, 27, 13, 'Think simple. Try connecting the pics.', '2015-01-16 00:36:29'),
(887, 27, 25, 'the connect is obvious.but how to link it with cse?', '2015-01-16 00:40:17'),
(888, 27, 48, 'they are all n***** d******* how to connect them with it???', '2015-01-16 00:41:10'),
(889, 27, 13, 'Look for other words.', '2015-01-16 00:42:42'),
(890, 27, 48, 'c********* is this the word????', '2015-01-16 00:45:55'),
(892, 24, 62, 'hint admin..', '2015-01-16 00:48:13'),
(893, 29, 87, ':/', '2015-01-16 00:48:45'),
(894, 27, 237, 'm***d*** ??', '2015-01-16 00:53:38'),
(895, 29, 25, 'admin please', '2015-01-16 00:54:50'),
(896, 27, 223, 'h******** ?', '2015-01-16 01:01:43'),
(897, 27, 13, 'Nope.', '2015-01-16 01:01:46'),
(898, 27, 188, 'm********* bug ?', '2015-01-16 01:01:58'),
(899, 27, 221, 'admin, answer format please', '2015-01-16 01:02:04'),
(900, 29, 25, 'is it a *i*u*?', '2015-01-16 01:06:07'),
(901, 30, 87, 'some hint on this please?', '2015-01-16 01:08:19'),
(902, 29, 13, 'Nopes. Also, admins have decided to stop hints. For the time being. All the best.', '2015-01-16 01:14:47'),
(903, 30, 13, 'No hints for the time being. You are on your own.', '2015-01-16 01:15:51'),
(904, 29, 25, 'last one please...won\\''t ask anymore...should we take instant messengers from last pic?', '2015-01-16 01:16:55'),
(905, 27, 13, 'Answer is plain english you guys will have to wait for hints. We have stopped hints for all levels 27 and beyond.', '2015-01-16 01:18:25'),
(906, 28, 26, 'hints please.... :/', '2015-01-16 01:21:37'),
(907, 29, 13, 'Nope', '2015-01-16 01:23:18'),
(908, 27, 221, 'what are we supposed to be searching for in this level?', '2015-01-16 01:27:03'),
(909, 28, 26, 'cycle', '2015-01-16 01:33:07'),
(910, 28, 26, 'Cycle???', '2015-01-16 01:33:18'),
(911, 28, 26, 'any hint???', '2015-01-16 01:33:57'),
(916, 29, 188, 'how was level 28 tough one ?It was the easiest(after starting 10 ofcourse)', '2015-01-16 01:47:20'),
(914, 21, 9, 'Giveaway Hint:Google together \\"Source code Movie in 2nd pic tv series jenifer aniston is famous for\\"', '2015-01-16 01:39:59'),
(915, 27, 223, 'is that word a****m*** ???', '2015-01-16 01:40:54'),
(917, 30, 87, 'give me something atleast', '2015-01-16 01:48:17'),
(918, 29, 25, 'true that ^ ...anyways admin,will clues be given tonight?we\\''ll have to sleep...we have a techfest to attend tomorrow you see :P So will clues be given tonight or should we sleep atleast tell us this...', '2015-01-16 01:57:23'),
(919, 22, 145, 'what is it??? Is it a company???', '2015-01-16 02:06:08'),
(920, 27, 13, 'Hint: another one word for a n******* d*******', '2015-01-16 02:06:35'),
(921, 27, 283, 'You don\\''t say!', '2015-01-16 02:21:07'),
(922, 29, 188, 'answer is a person name or service name?', '2015-01-16 02:21:23'),
(923, 27, 223, 'n m trying one words from 2 hrs :-/', '2015-01-16 02:32:11'),
(924, 27, 45, 'admin please give some hints !', '2015-01-16 02:34:45'),
(925, 29, 283, 'Admin hints..?', '2015-01-16 02:39:20'),
(926, 21, 277, 'admin.... what is it?? a person/software/games/website?? some more hint plzz', '2015-01-16 02:41:51'),
(927, 26, 62, 'hint plz admin...', '2015-01-16 02:47:57'),
(930, 30, 13, 'Guys. We are freezing the game due to a maintenance issue. It will be resolved in the morning 11 AM. Bear with us.', '2015-01-16 03:30:47'),
(931, 30, 200, 'admin i think the glitch is still there ... got a matching answer no format working', '2015-01-16 03:30:52'),
(929, 30, 13, 'There was a glitch guys. We have resolved it now. For those who were stuck here for a long time. Please try with the answers that you have already tried and thought were correct. Regards', '2015-01-16 03:11:41'),
(932, 29, 13, 'Guys. We are freezing the game due to a maintenance issue. It will be resolved in the morning 11 AM. Bear with us.', '2015-01-16 03:31:38'),
(933, 24, 313, 'Is it related to a game?', '2015-01-16 08:38:31'),
(934, 30, 2, 'The game will be restarted at 11 am...', '2015-01-16 09:00:09'),
(935, 23, 275, 'a hint please admin', '2015-01-16 09:15:38'),
(936, 19, 230, 'hey...buddy...I cannot input any answer. It says checking n then hangs on it. Please solve the problem.', '2015-01-16 10:07:06'),
(937, 24, 280, 'the page is getting  stuck .... m not getting the result.. its only showing CHECKING', '2015-01-16 10:18:11'),
(938, 24, 280, '@admin pls have a look ', '2015-01-16 10:20:46'),
(939, 21, 34, 'I feel its not accepting the right answer from yesterday night. What I got is A****B****', '2015-01-16 10:36:04'),
(940, 24, 349, 'there is a prob admin.im giving the ans but it is showing checking.Does not shows if im wrong or right.please check the server', '2015-01-16 10:47:02'),
(941, 26, 62, 'cannot submit answer', '2015-01-16 10:47:04'),
(942, 10, 323, 'what\\''s wrong with the site', '2015-01-16 10:47:28'),
(943, 32, 87, 'has the right click been disabled for this level', '2015-01-16 10:54:38'),
(944, 32, 87, 'some hints please ??', '2015-01-16 11:00:04'),
(945, 29, 26, 'Any hint admin??', '2015-01-16 11:03:22'),
(946, 24, 280, 'Where r u admin.. There\\''s something wrong with the page', '2015-01-16 11:08:33'),
(947, 30, 174, 'i am replying but still it is in the checking position . help admin', '2015-01-16 11:09:00'),
(948, 27, 62, 'hint plz admin.. what is the format of the answer?', '2015-01-16 11:12:48'),
(949, 27, 221, 'admin some more hint please... tried one word for n****** d*******   :-(', '2015-01-16 11:12:54'),
(950, 32, 87, 'is it related to the game call of duty??', '2015-01-16 11:21:14'),
(951, 24, 349, 'admin time is running.please do something', '2015-01-16 11:21:47'),
(952, 24, 349, 'hey come on do something', '2015-01-16 11:26:24'),
(953, 24, 280, 'Admin..u shud b around to keep a check on everything..but this is not happening ..level 24 page is getting stuck and there\\''s no response from ur end .its a very sad end to a healthy competition.', '2015-01-16 11:50:36'),
(954, 27, 187, 'related to d******* ??', '2015-01-16 11:55:54'),
(955, 27, 187, 'how is the clue from the 3rd mage realted to the answer?? admin help..', '2015-01-16 11:57:37'),
(956, 24, 313, 'This is not d way 1 should administer..:-p', '2015-01-16 12:02:03'),
(957, 31, 200, 'when will the event be up? ', '2015-01-16 12:06:41'),
(958, 30, 142, 'How do we proceed?', '2015-01-16 12:12:44'),
(959, 30, 13, 'The answer is something very famous..during its times. Now known by another name.', '2015-01-16 12:21:24'),
(960, 23, 261, 'is 1st pic n**q**? what is the 2nd pic about?', '2015-01-16 12:21:28'),
(961, 30, 174, 'related to g***** ****r??', '2015-01-16 12:30:00'),
(962, 32, 13, 'Hint: the answer has nothing to do with call of duty. Consider a quote on a purely philosophical note .. \\"the end\\" implies something.', '2015-01-16 12:33:03'),
(963, 30, 1, '@Prantar and Harshit - Just refresh your the question page again.', '2015-01-16 12:33:07'),
(965, 30, 237, 'any clue?', '2015-01-16 12:35:22'),
(966, 30, 237, 'stanford   independece or day or alien or 15 august   internet access or provider? ', '2015-01-16 12:35:49'),
(967, 30, 13, 'You guys are on your own from here. :)', '2015-01-16 12:37:06'),
(968, 30, 237, 'we have always been on our own -_- i don\\''t remember any clue being helpful', '2015-01-16 12:38:17'),
(969, 32, 25, 'an indian word to be taken from 3rd pic?', '2015-01-16 12:38:52'),
(970, 30, 237, 'what do i do witch catch? exception handling?', '2015-01-16 12:45:21'),
(971, 30, 48, 'some hints required here...', '2015-01-16 12:49:09'),
(972, 32, 13, 'Yes....hindi word from third pic.', '2015-01-16 12:50:10'),
(973, 32, 13, 'Hint: something to do with errors', '2015-01-16 12:56:12'),
(974, 22, 34, 'how to use the numbers? very close to the ans..', '2015-01-16 13:07:04'),
(986, 30, 1, 'We are trying to imply to a person who is an alumnus of Caltech. Now think. I have almost given away the answer. ', '2015-01-16 13:24:26'),
(976, 32, 25, 'got *u** **d*t***o* right track?from 1st 2 *a*n *i** right track?', '2015-01-16 13:10:08'),
(977, 30, 13, 'Tushar: it isnt catch..get your chemical symbols in place', '2015-01-16 13:11:27'),
(978, 32, 25, 'from text *l**s* *h*r* ?', '2015-01-16 13:12:03'),
(979, 30, 13, 'Major giveaway: it has an indian connection.', '2015-01-16 13:12:11'),
(981, 30, 13, 'The clue from the first pic is fr****m', '2015-01-16 13:17:10'),
(982, 30, 1, 'Another hint - It is a name of a company. ', '2015-01-16 13:18:55'),
(987, 31, 13, 'Hint: its a software', '2015-01-16 13:33:44'),
(984, 30, 13, 'The clue from,the second pic : i**\\''s', '2015-01-16 13:19:46'),
(985, 30, 13, 'Major giveaway: it was started on American in********* d**', '2015-01-16 13:20:57'),
(988, 31, 174, 'give us a hint...first 3 places are already decided anyway...', '2015-01-16 13:34:13'),
(989, 31, 13, 'Just google the above hint with the image', '2015-01-16 13:39:45'),
(990, 32, 13, 'Hints : errors   de**h', '2015-01-16 13:42:07'),
(991, 22, 361, 'Company? Name of person?', '2015-01-16 13:44:46'),
(992, 23, 34, 'one more hint!!', '2015-01-16 13:45:17'),
(993, 33, 237, 'what to do here? linux important or torrent?', '2015-01-16 13:48:16'),
(994, 23, 34, 'can we have one small hint for this one? totally clueless!!', '2015-01-16 13:55:10'),
(995, 23, 34, 'anything related to a*******n?', '2015-01-16 13:57:04'),
(996, 5, 353, 'Shit...it\\''s tough', '2015-01-16 15:52:50'),
(997, 8, 353, 'Toughest round', '2015-01-16 17:55:36'),
(998, 33, 13, 'Neither.', '2015-01-16 17:58:09'),
(999, 24, 277, 'admin 48 mins left.... some clu plzzzits not the prize...but just want to reach the end...', '2015-01-16 20:14:46'),
(1000, 3, 354, 'pleaaaase help,yaar.....anyone???? :(', '2015-01-16 21:26:37');

-- --------------------------------------------------------

--
-- Table structure for table `forum_topics`
--

CREATE TABLE IF NOT EXISTS `forum_topics` (
  `topic_id` int(11) NOT NULL,
  `post_count` int(11) NOT NULL
) ENGINE=MyISAM AUTO_INCREMENT=31 DEFAULT CHARSET=utf8 COLLATE=utf8_unicode_ci;

--
-- Dumping data for table `forum_topics`
--

INSERT INTO `forum_topics` (`topic_id`, `post_count`) VALUES
(1, 55),
(2, 68),
(3, 45),
(4, 38),
(5, 60),
(6, 28),
(7, 16),
(8, 44),
(9, 24),
(10, 24),
(11, 37),
(12, 33),
(13, 59),
(14, 73),
(15, 20),
(16, 26),
(17, 18),
(18, 9),
(19, 38),
(20, 37),
(21, 38),
(22, 8),
(23, 15),
(24, 22),
(25, 44),
(26, 5),
(27, 22),
(28, 6),
(29, 18),
(30, 27);

-- --------------------------------------------------------

--
-- Table structure for table `progress`
--

CREATE TABLE IF NOT EXISTS `progress` (
  `user_id` int(11) NOT NULL,
  `level` int(11) NOT NULL,
  `attempts` int(255) NOT NULL,
  `latest_attempt` timestamp NOT NULL DEFAULT CURRENT_TIMESTAMP ON UPDATE CURRENT_TIMESTAMP
) ENGINE=MyISAM DEFAULT CHARSET=utf8 COLLATE=utf8_unicode_ci;

--
-- Dumping data for table `progress`
--

INSERT INTO `progress` (`user_id`, `level`, `attempts`, `latest_attempt`) VALUES
(1, 18, 118, '2015-01-18 14:08:23'),
(2, 31, 126, '2015-01-16 05:40:19'),
(85, 1, 7, '2015-01-14 20:20:05'),
(4, 3, 9, '2015-01-05 06:11:02'),
(5, 3, 3, '2015-01-06 04:48:27'),
(6, 4, 6, '2015-01-08 15:29:44'),
(7, 1, 0, '2015-01-07 12:38:14'),
(8, 1, 0, '2015-01-07 12:46:08'),
(9, 32, 17, '2015-01-16 06:16:27'),
(10, 1, 0, '2015-01-08 10:26:19'),
(11, 1, 0, '2015-01-08 10:30:07'),
(12, 1, 0, '2015-01-08 10:33:56'),
(13, 34, 138, '2015-01-16 17:57:21'),
(14, 1, 0, '2015-01-08 16:52:32'),
(15, 7, 9, '2015-01-09 06:33:14'),
(16, 1, 0, '2015-01-10 06:04:50'),
(17, 2, 12, '2015-01-13 16:50:46'),
(18, 1, 0, '2015-01-10 12:23:37'),
(19, 34, 198, '2015-01-16 20:31:20'),
(20, 1, 0, '2015-01-10 13:03:38'),
(21, 1, 0, '2015-01-10 13:19:59'),
(22, 1, 5, '2015-01-13 16:02:23'),
(23, 34, 276, '2015-01-16 15:32:33'),
(24, 0, 62, '2015-01-15 15:22:55'),
(25, 34, 457, '2015-01-16 13:18:47'),
(26, 34, 598, '2015-01-16 13:50:05'),
(27, 1, 0, '2015-01-10 14:23:25'),
(28, 2, 1, '2015-01-13 17:51:59'),
(29, 5, 4, '2015-01-13 18:17:14'),
(30, 1, 0, '2015-01-10 14:27:07'),
(31, 1, 0, '2015-01-10 14:31:40'),
(32, 6, 22, '2015-01-14 15:22:44'),
(33, 1, 0, '2015-01-10 14:52:05'),
(34, 23, 374, '2015-01-16 09:30:51'),
(35, 8, 53, '2015-01-14 17:01:23'),
(36, 1, 0, '2015-01-10 15:26:19'),
(37, 5, 234, '2015-01-14 17:32:13'),
(38, 9, 53, '2015-01-14 09:55:43'),
(39, 1, 2, '2015-01-14 11:53:50'),
(40, 1, 0, '2015-01-10 17:00:49'),
(41, 6, 21, '2015-01-15 18:17:31'),
(42, 1, 0, '2015-01-10 17:41:12'),
(43, 14, 76, '2015-01-16 16:05:20'),
(44, 5, 17, '2015-01-15 19:16:24'),
(45, 34, 352, '2015-01-16 13:56:48'),
(46, 2, 1, '2015-01-14 20:38:45'),
(47, 8, 27, '2015-01-15 14:20:34'),
(48, 34, 329, '2015-01-16 14:05:48'),
(49, 3, 8, '2015-01-14 16:32:04'),
(50, 20, 92, '2015-01-18 16:04:01'),
(51, 3, 11, '2015-01-14 09:27:26'),
(52, 8, 173, '2015-01-15 14:07:32'),
(53, 1, 0, '2015-01-10 20:20:26'),
(54, 2, 5, '2015-01-13 21:05:19'),
(55, 1, 0, '2015-01-11 04:43:24'),
(56, 7, 59, '2015-01-15 09:58:10'),
(57, 2, 10, '2015-01-14 05:11:04'),
(58, 1, 0, '2015-01-11 06:30:17'),
(59, 1, 0, '2015-01-11 06:36:02'),
(60, 1, 7, '2015-01-13 17:19:34'),
(61, 1, 10, '2015-01-14 05:16:38'),
(62, 27, 732, '2015-01-16 06:53:52'),
(63, 4, 153, '2015-01-15 16:03:39'),
(64, 34, 98, '2015-01-16 19:46:35'),
(65, 34, 122, '2015-01-16 20:00:16'),
(66, 1, 0, '2015-01-11 10:52:31'),
(67, 1, 34, '2015-01-13 16:50:34'),
(68, 1, 0, '2015-01-11 12:50:06'),
(69, 1, 0, '2015-01-11 14:03:05'),
(70, 1, 0, '2015-01-11 14:14:39'),
(71, 5, 35, '2015-01-15 04:36:50'),
(72, 3, 6, '2015-01-14 06:50:52'),
(73, 1, 8, '2015-01-15 17:26:02'),
(74, 5, 196, '2015-01-15 20:59:50'),
(75, 20, 203, '2015-01-16 15:30:29'),
(76, 14, 21, '2015-01-15 15:38:07'),
(77, 1, 0, '2015-01-11 19:33:55'),
(78, 1, 0, '2015-01-11 19:45:25'),
(79, 1, 0, '2015-01-11 20:07:55'),
(80, 2, 5, '2015-01-13 16:15:56'),
(81, 16, 349, '2015-01-15 16:58:52'),
(82, 3, 9, '2015-01-16 15:46:57'),
(83, 5, 64, '2015-01-15 17:02:43'),
(84, 1, 12, '2015-01-15 06:24:19'),
(86, 25, 164, '2015-01-16 07:01:16'),
(87, 34, 475, '2015-01-16 12:14:20'),
(88, 1, 0, '2015-01-12 14:36:02'),
(89, 1, 0, '2015-01-12 14:40:50'),
(90, 1, 0, '2015-01-12 14:50:11'),
(91, 1, 11, '2015-01-18 04:48:58'),
(92, 5, 63, '2015-01-15 13:38:51'),
(93, 2, 64, '2015-01-14 11:05:57'),
(94, 1, 9, '2015-01-13 15:54:41'),
(95, 1, 0, '2015-01-12 15:22:25'),
(96, 34, 81, '2015-01-16 20:37:13'),
(97, 1, 0, '2015-01-12 15:23:36'),
(98, 2, 25, '2015-01-14 17:06:46'),
(99, 1, 41, '2015-01-13 16:46:56'),
(100, 2, 15, '2015-01-13 16:19:15'),
(101, 1, 0, '2015-01-12 15:55:59'),
(102, 1, 10, '2015-01-13 16:25:25'),
(103, 1, 0, '2015-01-12 16:28:31'),
(104, 1, 4, '2015-01-14 12:36:54'),
(105, 1, 0, '2015-01-12 16:37:03'),
(106, 3, 8, '2015-01-15 09:07:52'),
(107, 1, 0, '2015-01-12 17:32:16'),
(108, 1, 0, '2015-01-12 17:32:23'),
(109, 1, 0, '2015-01-12 17:54:35'),
(110, 2, 53, '2015-01-14 17:18:10'),
(111, 1, 0, '2015-01-12 18:21:29'),
(112, 1, 2, '2015-01-16 06:57:35'),
(113, 13, 220, '2015-01-16 15:52:44'),
(114, 6, 20, '2015-01-15 16:45:55'),
(115, 1, 0, '2015-01-12 19:19:25'),
(116, 17, 116, '2015-01-14 19:32:43'),
(117, 5, 99, '2015-01-15 17:41:08'),
(118, 17, 123, '2015-01-14 19:45:08'),
(119, 7, 134, '2015-01-15 20:09:04'),
(120, 18, 59, '2015-01-16 17:43:36'),
(121, 1, 0, '2015-01-12 20:31:19'),
(122, 1, 5, '2015-01-13 16:40:03'),
(123, 1, 0, '2015-01-13 01:05:18'),
(124, 2, 7, '2015-01-14 11:08:31'),
(125, 1, 19, '2015-01-14 11:34:04'),
(126, 3, 54, '2015-01-14 06:20:01'),
(127, 2, 58, '2015-01-15 05:04:19'),
(128, 1, 12, '2015-01-13 17:26:13'),
(129, 1, 0, '2015-01-13 08:52:45'),
(130, 2, 49, '2015-01-20 06:57:39'),
(131, 1, 1, '2015-01-14 07:50:52'),
(132, 1, 0, '2015-01-13 09:39:54'),
(133, 1, 0, '2015-01-13 09:45:59'),
(134, 3, 41, '2015-01-15 17:05:59'),
(135, 1, 0, '2015-01-13 10:46:05'),
(136, 1, 7, '2015-01-14 07:41:24'),
(137, 9, 15, '2015-01-14 08:59:51'),
(138, 1, 0, '2015-01-13 12:23:55'),
(139, 17, 241, '2015-01-15 15:30:41'),
(140, 1, 6, '2015-01-13 16:17:13'),
(141, 1, 0, '2015-01-13 13:31:18'),
(142, 34, 339, '2015-01-16 13:11:14'),
(143, 1, 1, '2015-01-16 12:03:41'),
(144, 1, 0, '2015-01-13 14:21:00'),
(145, 22, 130, '2015-01-15 21:06:09'),
(146, 1, 0, '2015-01-13 14:25:21'),
(147, 2, 3, '2015-01-14 17:04:08'),
(148, 22, 91, '2015-01-15 20:23:24'),
(149, 7, 46, '2015-01-15 12:58:46'),
(150, 22, 93, '2015-01-15 21:17:13'),
(151, 1, 0, '2015-01-13 14:45:44'),
(152, 5, 65, '2015-01-15 13:40:30'),
(153, 1, 0, '2015-01-13 14:56:28'),
(154, 4, 17, '2015-01-16 14:24:33'),
(155, 14, 144, '2015-01-18 12:30:45'),
(156, 4, 14, '2015-01-16 14:26:20'),
(157, 1, 1, '2015-01-13 19:10:55'),
(158, 16, 170, '2015-01-15 16:43:44'),
(159, 14, 166, '2015-01-15 15:46:34'),
(160, 15, 242, '2015-01-16 08:42:58'),
(161, 1, 29, '2015-01-13 17:29:45'),
(162, 1, 29, '2015-01-13 16:29:44'),
(163, 2, 22, '2015-01-14 17:40:48'),
(164, 5, 5, '2015-01-13 18:08:16'),
(165, 2, 72, '2015-01-14 15:54:30'),
(166, 1, 1, '2015-01-13 15:59:06'),
(167, 5, 40, '2015-01-14 17:58:13'),
(168, 5, 86, '2015-01-15 15:30:16'),
(169, 7, 51, '2015-01-14 16:11:49'),
(170, 1, 3, '2015-01-13 16:32:12'),
(171, 6, 62, '2015-01-14 11:40:14'),
(172, 1, 0, '2015-01-13 15:59:39'),
(173, 24, 119, '2015-01-16 07:39:13'),
(174, 34, 948, '2015-01-16 13:50:21'),
(175, 14, 77, '2015-01-15 18:59:28'),
(176, 5, 107, '2015-01-14 14:23:08'),
(177, 13, 29, '2015-01-15 10:17:56'),
(178, 16, 212, '2015-01-15 03:49:36'),
(179, 1, 0, '2015-01-13 16:20:15'),
(180, 34, 239, '2015-01-16 17:05:10'),
(181, 8, 119, '2015-01-15 14:52:00'),
(182, 1, 12, '2015-01-13 16:59:37'),
(183, 1, 1, '2015-01-13 16:40:40'),
(184, 25, 218, '2015-01-19 15:53:26'),
(185, 1, 4, '2015-01-13 17:05:33'),
(186, 3, 60, '2015-01-14 03:50:36'),
(187, 27, 972, '2015-01-16 07:58:07'),
(188, 29, 297, '2015-01-15 20:50:55'),
(189, 13, 143, '2015-01-15 19:20:54'),
(190, 1, 2, '2015-01-13 17:02:53'),
(191, 12, 120, '2015-01-15 17:17:11'),
(192, 1, 0, '2015-01-13 17:03:55'),
(193, 6, 156, '2015-01-15 10:36:26'),
(194, 2, 15, '2015-01-13 17:48:51'),
(195, 3, 26, '2015-01-14 17:38:59'),
(196, 1, 0, '2015-01-13 17:20:38'),
(197, 14, 39, '2015-01-15 05:32:58'),
(198, 11, 43, '2015-01-15 19:41:05'),
(199, 1, 0, '2015-01-13 17:23:38'),
(200, 32, 404, '2015-01-16 06:56:44'),
(201, 1, 2, '2015-01-13 17:33:29'),
(202, 1, 25, '2015-01-13 17:55:41'),
(203, 16, 284, '2015-01-16 02:26:02'),
(204, 1, 2, '2015-01-13 17:51:12'),
(205, 34, 75, '2015-01-20 20:04:23'),
(206, 1, 0, '2015-01-13 17:45:16'),
(207, 14, 65, '2015-01-15 19:21:36'),
(208, 2, 21, '2015-01-14 18:21:07'),
(209, 7, 57, '2015-01-15 13:29:45'),
(210, 11, 63, '2015-01-15 02:48:21'),
(211, 4, 4, '2015-01-13 18:02:51'),
(212, 3, 2, '2015-01-14 05:29:43'),
(213, 1, 12, '2015-01-13 18:11:58'),
(214, 0, 36, '2015-01-14 17:23:02'),
(215, 13, 107, '2015-01-16 10:25:55'),
(216, 2, 12, '2015-01-13 19:01:47'),
(217, 5, 11, '2015-01-15 12:06:42'),
(218, 1, 0, '2015-01-13 18:23:09'),
(219, 1, 0, '2015-01-13 18:24:33'),
(220, 2, 73, '2015-01-14 19:30:10'),
(221, 27, 585, '2015-01-16 06:45:13'),
(222, 2, 2, '2015-01-13 20:58:42'),
(223, 27, 447, '2015-01-15 21:32:58'),
(224, 1, 2, '2015-01-13 19:17:17'),
(225, 1, 1, '2015-01-13 19:07:37'),
(226, 1, 2, '2015-01-13 18:58:46'),
(227, 6, 104, '2015-01-15 04:39:15'),
(228, 1, 0, '2015-01-13 18:57:53'),
(229, 5, 68, '2015-01-14 15:54:14'),
(230, 27, 146, '2015-01-16 08:47:56'),
(231, 22, 114, '2015-01-16 12:26:47'),
(232, 2, 8, '2015-01-14 12:47:17'),
(233, 1, 0, '2015-01-13 19:25:51'),
(234, 5, 149, '2015-01-16 15:32:16'),
(235, 2, 5, '2015-01-13 19:41:30'),
(236, 1, 2, '2015-01-13 19:43:03'),
(237, 33, 271, '2015-01-16 08:21:12'),
(238, 5, 11, '2015-01-14 11:22:00'),
(239, 1, 12, '2015-01-13 20:40:03'),
(240, 21, 239, '2015-01-19 18:17:15'),
(241, 1, 1, '2015-01-13 21:43:36'),
(242, 1, 0, '2015-01-14 01:50:59'),
(243, 1, 3, '2015-01-14 02:32:15'),
(244, 1, 1, '2015-01-14 02:52:25'),
(245, 21, 175, '2015-01-15 20:53:06'),
(246, 7, 25, '2015-01-15 14:46:33'),
(247, 1, 0, '2015-01-14 04:10:10'),
(248, 1, 0, '2015-01-14 04:13:18'),
(249, 5, 6, '2015-01-15 09:21:02'),
(250, 1, 2, '2015-01-14 04:45:51'),
(251, 2, 36, '2015-01-14 05:26:44'),
(252, 4, 4, '2015-01-16 12:01:07'),
(253, 1, 0, '2015-01-14 05:38:38'),
(254, 4, 73, '2015-01-15 06:49:37'),
(255, 18, 122, '2015-01-15 18:28:43'),
(256, 1, 3, '2015-01-14 18:16:17'),
(257, 1, 0, '2015-01-14 06:12:24'),
(258, 1, 0, '2015-01-14 06:36:40'),
(259, 1, 0, '2015-01-14 07:05:57'),
(260, 3, 2, '2015-01-14 07:15:47'),
(261, 25, 256, '2015-01-16 09:24:33'),
(262, 1, 9, '2015-01-14 07:46:58'),
(263, 7, 56, '2015-01-14 12:48:27'),
(264, 2, 5, '2015-01-16 15:28:22'),
(265, 2, 3, '2015-01-14 10:04:13'),
(266, 1, 0, '2015-01-14 08:34:05'),
(267, 17, 163, '2015-01-15 18:51:36'),
(268, 1, 1, '2015-01-14 09:36:38'),
(269, 1, 1, '2015-01-14 09:40:47'),
(270, 1, 0, '2015-01-14 09:57:58'),
(271, 1, 0, '2015-01-14 10:04:16'),
(272, 5, 14, '2015-01-14 11:15:33'),
(273, 6, 50, '2015-01-14 16:30:03'),
(274, 1, 0, '2015-01-14 10:21:50'),
(275, 30, 93, '2015-01-16 15:27:41'),
(276, 2, 9, '2015-01-14 10:51:09'),
(277, 24, 166, '2015-01-16 15:30:12'),
(278, 5, 12, '2015-01-14 11:17:27'),
(279, 3, 3, '2015-01-14 17:59:54'),
(280, 34, 96, '2015-01-16 15:49:42'),
(281, 2, 9, '2015-01-14 12:58:51'),
(282, 1, 0, '2015-01-14 12:17:08'),
(283, 34, 262, '2015-01-16 15:42:53'),
(284, 1, 11, '2015-01-14 13:31:14'),
(285, 2, 5, '2015-01-14 14:52:10'),
(286, 6, 26, '2015-01-14 14:05:09'),
(287, 1, 16, '2015-01-14 14:54:39'),
(288, 2, 3, '2015-01-14 15:09:33'),
(289, 1, 0, '2015-01-14 14:20:05'),
(290, 30, 34, '2015-01-16 15:30:15'),
(291, 6, 32, '2015-01-15 02:29:49'),
(292, 6, 9, '2015-01-15 10:36:22'),
(293, 1, 1, '2015-01-14 14:49:46'),
(294, 12, 26, '2015-01-17 16:31:38'),
(295, 18, 222, '2015-01-16 12:21:30'),
(296, 3, 7, '2015-01-16 15:32:15'),
(297, 1, 0, '2015-01-14 15:40:14'),
(298, 8, 109, '2015-01-15 12:24:22'),
(299, 1, 0, '2015-01-14 16:02:37'),
(300, 1, 0, '2015-01-14 16:02:47'),
(301, 8, 104, '2015-01-15 10:48:53'),
(302, 1, 0, '2015-01-14 16:33:25'),
(303, 14, 88, '2015-01-14 20:30:55'),
(304, 8, 18, '2015-01-15 19:30:51'),
(305, 1, 1, '2015-01-14 17:08:48'),
(306, 23, 238, '2015-01-15 18:06:00'),
(307, 8, 65, '2015-01-15 11:05:33'),
(308, 2, 19, '2015-01-16 02:09:20'),
(309, 3, 3, '2015-01-14 18:07:06'),
(310, 1, 1, '2015-01-14 18:04:55'),
(311, 2, 1, '2015-01-14 18:31:24'),
(312, 1, 0, '2015-01-14 18:02:16'),
(313, 34, 150, '2015-01-16 15:58:54'),
(314, 1, 0, '2015-01-14 18:45:57'),
(315, 5, 4, '2015-01-14 18:49:02'),
(316, 1, 0, '2015-01-14 18:48:33'),
(317, 1, 0, '2015-01-14 19:05:05'),
(318, 1, 0, '2015-01-14 19:37:03'),
(319, 8, 76, '2015-01-15 17:27:08'),
(320, 17, 229, '2015-01-15 19:05:49'),
(321, 1, 4, '2015-01-14 20:47:06'),
(322, 26, 166, '2015-01-17 20:07:03'),
(323, 14, 59, '2015-01-16 06:48:56'),
(324, 5, 13, '2015-01-16 15:09:51'),
(325, 1, 0, '2015-01-15 04:36:42'),
(326, 34, 365, '2015-01-16 15:51:54'),
(327, 1, 2, '2015-01-15 06:21:46'),
(328, 1, 0, '2015-01-15 06:21:42'),
(329, 2, 14, '2015-01-15 07:38:58'),
(330, 3, 45, '2015-01-15 10:14:17'),
(331, 1, 19, '2015-01-15 09:35:21'),
(332, 14, 94, '2015-01-15 15:30:45'),
(333, 1, 0, '2015-01-15 09:43:50'),
(334, 3, 6, '2015-01-15 10:27:20'),
(335, 3, 3, '2015-01-15 10:24:50'),
(336, 4, 22, '2015-01-15 11:05:21'),
(337, 3, 18, '2015-01-16 15:19:34'),
(338, 2, 60, '2015-01-15 14:35:27'),
(339, 19, 163, '2015-01-15 15:55:18'),
(340, 2, 25, '2015-01-15 14:50:13'),
(341, 8, 34, '2015-01-15 17:36:14'),
(342, 2, 5, '2015-01-15 13:46:46'),
(343, 1, 9, '2015-01-15 13:49:34'),
(344, 1, 1, '2015-01-15 14:51:36'),
(345, 1, 3, '2015-01-15 15:34:13'),
(346, 1, 0, '2015-01-15 16:00:35'),
(347, 1, 3, '2015-01-15 16:50:55'),
(348, 7, 168, '2015-01-15 17:24:35'),
(349, 34, 157, '2015-01-16 16:59:23'),
(350, 27, 232, '2015-01-16 10:04:22'),
(351, 1, 0, '2015-01-15 17:31:38'),
(352, 1, 9, '2015-01-15 18:02:41'),
(353, 12, 88, '2015-01-16 15:17:12'),
(354, 3, 46, '2015-01-16 17:08:29'),
(355, 5, 26, '2015-01-15 18:52:10'),
(356, 1, 1, '2015-01-15 17:56:20'),
(357, 14, 129, '2015-01-20 18:25:56'),
(358, 3, 17, '2015-01-19 11:23:29'),
(359, 1, 0, '2015-01-15 17:59:37'),
(360, 2, 1, '2015-01-15 18:35:55'),
(361, 24, 85, '2015-01-16 14:15:42'),
(362, 5, 69, '2015-01-16 12:57:50'),
(363, 1, 0, '2015-01-15 20:20:24'),
(364, 1, 0, '2015-01-16 04:32:04'),
(365, 1, 0, '2015-01-16 04:37:05'),
(366, 11, 27, '2015-01-16 14:46:25'),
(367, 5, 22, '2015-01-16 11:33:18'),
(368, 2, 5, '2015-01-16 11:33:29'),
(369, 1, 3, '2015-01-16 18:47:37'),
(370, 1, 0, '2015-01-16 15:44:35'),
(371, 1, 11, '2015-01-17 14:21:28'),
(372, 1, 13, '2015-01-17 14:09:04'),
(373, 1, 0, '2015-01-17 16:54:24'),
(374, 2, 1, '2015-01-18 17:17:20'),
(375, 1, 1, '2015-01-21 16:44:59');

-- --------------------------------------------------------

--
-- Table structure for table `users`
--

CREATE TABLE IF NOT EXISTS `users` (
  `user_id` int(11) NOT NULL,
  `username` varchar(1000) COLLATE utf8_unicode_ci NOT NULL,
  `password` varchar(1000) COLLATE utf8_unicode_ci NOT NULL,
  `full_name` varchar(1000) COLLATE utf8_unicode_ci NOT NULL,
  `college` varchar(1000) COLLATE utf8_unicode_ci NOT NULL,
  `year` int(11) NOT NULL,
  `email` varchar(1000) COLLATE utf8_unicode_ci NOT NULL,
  `contact` bigint(20) NOT NULL,
  `role` int(11) NOT NULL
) ENGINE=MyISAM AUTO_INCREMENT=376 DEFAULT CHARSET=utf8 COLLATE=utf8_unicode_ci;

--
-- Dumping data for table `users`
--

INSERT INTO `users` (`user_id`, `username`, `password`, `full_name`, `college`, `year`, `email`, `contact`, `role`) VALUES
(1, 'admin1', '$2a$08$wG5FkBckWkS/9YIyW/pENuUiO615uI0FEGh0mJRsRD3XvtORM4WDi', 'Aryak Sengupta', 'IEM', 4, 'aryak@yahoo.com', 9674361668, 1),
(2, 'admin', '$2a$08$YX7PLNZKrSq/CafOcRiPJOsLKXLNqmZjJCmcIgPUCTjBnUpoKcpHK', 'Arupam Sengupta', 'iem', 4, 'arupam.sengupta@gmail.com', 7278120937, 1),
(21, 'Oswald Cobblepot', '$2a$08$rbzW8SBMVkHkUCcOR8GmxuWx5kPylBHJBT.a0kxOSSDZQyBszZEWW', 'Chirantan Chowdhury', 'Chennai Mathematical Institute', 2, 'chirantanc474@gmail.com', 9790756979, 0),
(20, 'Le Tiger', '$2a$08$/8eJgDeapTAUKOuXlo/QoOQ9JcPOHAcDr6ssfXehTjE.3YStzOzx6', 'Pallavi Rana', 'Institute of Engineering and Management ', 1, 'pallavi.rana111@gmail.com', 9831102633, 0),
(19, 'mjigar821', '$2a$08$6iyoRcwHmZvgR/vHGqRld.SQpd98hhESu.V.VrnG/5Znzdztks9e6', 'jigar mehta', 'Institute of engineering and management', 2, 'mjgiar821@gmail.com', 8017126520, 0),
(18, 'soulseeker', '$2a$08$38lXVlCEBOmKu/t/pEOhcOgLRrJCDvROvgybUp.eRu8D1rO1cQdgm', 'Shoumik Ghosal', 'IEM', 3, 'me.shoumik@hotmail.com', 7059575529, 0),
(9, 'Mod', '$2a$08$QS0T51FHw9PwtSGWFPZpiOSTtFz2sOvAsDQ9xmTsk9Oua4vMw6z3e', 'Mod', 'IEM', 3, 'sayan.bose123@gmail.com', 8902708112, 1),
(17, 'momo.phoenix1', '$2a$08$LotRxnOAWk9BO7HUtCueeOEqEEAtltdtsMd2wAJUE6wxKU8W4OYY.', 'Soumyadip Ghosh', 'Jadavpur University', 2, 'momo.phoenix1@gmail.com', 9674745549, 0),
(13, 'iwizard', '$2a$08$MaAdB7tI2chspgtVf9h80ewaUZbRDNUB4Lrl01m7LTHUezhE1uw0q', 'Kapish Malhotra', '', 4, 'kapister@gmail.com', 9748078915, 1),
(16, 'priyanjitdey', '$2a$08$8yIZF9LOVULfChrNO6tQeOfjaG.8bbhQZTOa8QnMShSZjzC1PfY3.', 'Priyanjit Dey', 'Institute of Engineering and Management', 2, 'priyanjit.dey@gmail.com', 9474851429, 0),
(22, 'khillibob', '$2a$08$Rqwd/30yxISwJ9Z40P9dsO978o7yKVaJuXW6KyxFWMPMf27gqRjdi', 'Subhendu Mallik', 'IEM', 0, 'subhendu.mallik@gmail.com', 9740721100, 0),
(23, 'dgalcoder', '$2a$08$QxrMGiBzJiZR14Jrn4J.0ON//9M7NVQvZuI4tOdw3cDKACrlUdQVy', 'shreya pandey', 'mckv institute of engineering', 4, 'shreyadbarbie@gmail.com', 9748495256, 0),
(24, 'Suddhasheel', '$2a$08$5jFkh7FF.2a/X.rrZ47rOO.jPCX1xDtQlhHp8xd1tAzKtQ1dmVhyC', 'Suddhasheel Guha Mazumder', 'IEM Kolkata', 2, 'roopsgm@Gmail.com', 7890780582, 0),
(25, 'dopplegangerx', '$2a$08$BF/o.rjNqZhtrWW50rC5VuDEkikrl99HRxfgVMjYUeL6g2QcBpUXi', 'Kaustav Nandy', 'IEM', 3, 'nandykaustav19@gmail.com', 8981741400, 0),
(26, 'akashsinha', '$2a$08$l4UrQcjG06y8ZZcnhIoF2uLLAvx2HqK2e7voi3rFy3CQ3Ma7hoz2.', 'Akash Sinha', 'Institute of Engineering and Management', 4, 'sinha.akash.13@gmail.com', 9748337893, 0),
(27, 'Minhaz', '$2a$08$s202EKVIDn7EAjkQMsKJ2O64u.YpUdgHSVl/FyrqlPChsC6xXu192', 'Md Minhazuddin', 'Institute of Engineering and Management', 1, 'minhazmizan25@gmail.com', 9038175150, 0),
(28, 'Shubham Gupta', '$2a$08$6pX0Wcz8a8BC8ty3UTQEm.B016IjESeUx.ol9coXpjZgct20pu6l.', 'SHUBHAM GUPTA', 'DELHI PUBLIC SCHOOL,RANIPUR', 0, 'shubhamgupta482@gmail.com', 9458113421, 0),
(219, 'gajendra135', '$2a$08$o5UvHDC1TjX9HePi6WASU.Zcr397TsjfXU1/QHFmAgXEYRAN/uE.K', 'Gajendra Solanki', 'IEM', 1, 'solankigajendra135@gmail.com', 9007616027, 0),
(30, 'ronny3050', '$2a$08$5u80j0/rKrojUNcxUx3IYu33gIFxUm4NXiTguQxmRQqNp.DW1FEa2', 'Debayan Deb', 'Michigan State University', 3, 'rareronny@gmail.com', 9990736796, 0),
(31, 'dips07', '$2a$08$yOombowdknun.aIrWFbXqenMK4SPU5KyZRtl8xPiqV1hiD.0sl4Y.', 'Diptesh Sil', 'IEM', 3, 'sil.diptesh@gmail.com', 8599925636, 0),
(32, 'diya', '$2a$08$gp6NxDVsbJG5BWc4aWd/X.1TYFGI0lCEujOUhcnNR0JJyipNHi9E6', 'Sreyashi Bhaumik', 'IEM', 4, 'sreyashi1992@gmail.com', 7890559882, 0),
(33, 'jdhakai', '$2a$08$BxYXTKSMCPiJcEohQC.qaOclUAZObo6SEVJSIhs39DorbnetBKUw.', 'Jayabrata Dhakai', 'NIT DURGAPUR', 4, 'jayabratadhakai@gmail.com', 8017608517, 0),
(34, 'Shanty', '$2a$08$bwr1bxCjThrNe5UQyEyupOVmIn8TUetKSr/oLz2CwPOXEflOLjn7a', 'Sayantan Mukherjee', 'NIT Durgapur', 0, 'sayantan.mukherjee.2010@gmail.com', 9591903074, 0),
(35, 'Nilanjan', '$2a$08$pAedxc59nXgxp8heEjBaoem9zSBMBMl6LTWHYaezKQKZ9IQHxuWXC', 'Nilanjan Daw', 'Institute Of Engineering & Management', 2, 'nilanjandaw@gmail.com', 9674362607, 0),
(36, 'Rachit Gupta', '$2a$08$lm2bzERMXRzOiRwlIL5Kweyz5YpvEPc/jKUljdmJnkbssdZ7Xisv.', 'Rachit Gupta', ' DPS Ranipur', 0, 'dangerrachit@gmail.com', 8126800110, 0),
(37, 'debargha.biswas', '$2a$08$pZsAzOVWoY8fSHyyHqbKTuXDvAbjvq.6vNRUPfIZ059b83tOSpDXC', 'Debargha Biswas', 'Jadavpur University', 4, 'debarghabiswas007@gmail.com', 9830835527, 0),
(38, 'suavekiller', '$2a$08$OM9Sl.XT7nY7YOV5Lgod1eVQ/QaDjPg1Gqta7/z3B6hM9CyY.qrMq', 'Sanket Sharma', 'JDBI', 0, 'tyrantulaa@gmail.com', 9674837499, 0),
(39, 'Jack Sparrow', '$2a$08$1MTUGBKkK598NAXG5XWcnOhMzPFGJ8pBJQ2WoK/4WBly5/jpPUzfi', 'Abhra Gupta', 'Institute of Engineering and Management', 2, 'abhramaxgupta@gmail.com', 9163786218, 0),
(40, 'yolosingh', '$2a$08$WxenezhuDLEJll2jSBu5Ee2MARNezJUb4g9Ehu21QXSg3rMalIdDW', 'Saurav Mittal', 'DPS Rohini', 0, 'sauravmitt3@gmail.com', 9958882100, 0),
(41, 'iemsumit501', '$2a$08$gx2mHNMywPa4YoIVglQrleZYR6jtzEPS3MExMBmTsHQr6XKd/agLC', 'Sumit Agarwal', 'iem', 2, 'iemsumit501@gmail.com', 7699256704, 0),
(42, 'sd_2907', '$2a$08$p475nYjigo5FaP4/k0Rn4O.6eGRKMtv9ZiEitf11rhD6yaKVQJCo2', 'Subhraneel Dey', 'IEM', 2, 'happysubhro94@gmail.com', 9475327822, 0),
(43, 'sd123', '$2a$08$pufjXMnv3kU2h7knqqghDOVqzoLd17Yx14ir6ybLUnM/QlkJLPt6e', 'Subhraneel Dey', 'IEM', 2, 'happysubhro94@gmail.com', 9475327822, 0),
(44, 'dinu8809', '$2a$08$eotYN3brP.oHL4jFO8GGRuUPHDL/3KINLwRSjhjX.8E7mwr6Ae0XK', 'Dinesh Kumar Mandal', 'IEM', 2, 'dineshmandal7@gmail.com', 8820119893, 0),
(45, 'arunangshupal', '$2a$08$/m3VMLhXsdDk0MfZkoDG/e0PQOqzuBYLVYC7IR3mIJzL5Lhbde92O', 'Arunangshu Pal', 'Institute of Engineering & Management ', 4, 'arunangshumail@gmail.com', 8981518300, 0),
(46, 'sumkum', '$2a$08$hHxUfyfcMZ.Cuf8iGvalwunlWoeg46O4XEy4Toq2obduVk.wUb3AK', 'Sumanth Kumar', 'I.E.M.', 3, 'kumarsumanth10@gmail.com', 9903896608, 0),
(47, 'shuvam32', '$2a$08$BCZ8PPNJa7ZesF5NhHhH3eLObJY6TenQ7T9Hu24E9gXRXXeGspu/W', 'SHUVAM KANGSABANIK', 'IEM', 2, 'shuvam32@gmail.com', 7059294704, 0),
(318, 'pritam', '$2a$08$TvMCmShC0CtSBgreH2ZXyehdPbdXibOHME.swEXT9V9fxRx/gbCly', ' pritam dey', 'ju', 1, 'pritam.3@gmail.com', 9831489009, 0),
(49, 'shauryabasak005', '$2a$08$u/ebmmR8e4RgVWmamfZr1e1PO9cPlXbWGTCN6YwFBqyGeLqJHjLXG', 'Shaurya Basak', 'CMSDH', 2, 'shauryabasak005@gmail.com', 8961043851, 0),
(50, 'Sourav', '$2a$08$XxKxGigxin2/cisRFRGi3.3jTTqi7hDz.oRAK.6JG0NwjKeHV6uTa', 'Sourav Sengupta', 'Institute Of Engineering And Management', 3, 'souravsengupta1@hotmail.com', 9051801449, 0),
(51, 'Powershell', '$2a$08$RP7UFTUDTlgjZd7vHYWJ6uzSh6I2Wbz.OzR1g0ORhAqtWIs.JjxQO', 'Akshay Asawa', 'Pune Institute of Computer Technology', 3, 'akshayasawa94@gmail.com', 9823787557, 0),
(52, 'sumalyasaha', '$2a$08$Eq9bsWNbG13NjRUdTZbQEe9nzq4UzZXIQ5kGSikTiWYXkrbayzr4G', 'SUMALYA SAHA', 'INSTITUTE OF ENGINEERING AND MANAGEMENT', 1, 'saha.papu.sumalya@gmail.com', 8017415824, 0),
(53, 'EC', '$2a$08$8jXtjnbX2qohpNx8c4P0c.Wh.ufeU.La.bmXZNwMVAtZW2THaypCi', 'Aritro Das', 'IEM', 2, 'aritrodas2013@gmail.com', 8697484752, 0),
(54, 'Sinha', '$2a$08$V3rJmrU7AqPruuwBq7oODO7NKwnJHzRFvJUmSoqpgN7y8tlJgWh96', 'Souradeep', 'Syracuse University', 0, 'ssinhaonline@gmail.com', 1, 0),
(55, 'manification10', '$2a$08$szpGzlZbmDEVyJPwOGK8fu21CjsHbk1abmLfnDpBms8lncnfwpzPW', 'Ananya Paul', 'RCC Institute of Information Technology ', 4, 'manification10@gmail.com', 8583932109, 0),
(56, 'ujjwal', '$2a$08$Vpzu0snZ15urNMEyI3ofDOp/G5H177k1ye3WvrhaOQeiGljQmTmjq', 'Ujjwal Prakash', 'Techno India, Salt Lake', 3, 'ujjwal888@rediffmail.com', 8972406116, 0),
(57, 'subha10496', '$2a$08$/AC9ebLmrMFFj7p8A9jG6uA33t7mOuuWMws8vFpHuMqsV8pE3sEoi', 'SUBHADEEP CHAKRABORTY', 'IEM', 2, 'subha10496@gmail.com', 9674841939, 0),
(58, 'Bazinga93', '$2a$08$kA0AibjiwFkfpbt3E/x0hOY3IG4dwS5D2/izBic3McQbZ14D/nsUK', 'Sohini De', 'Institute of Engineering & Management', 3, 'being.sohini@gmail.com', 8961038044, 0),
(59, 'sourish', '$2a$08$ZAnoy2aI28s0W4DFE54JdOS4mCEX8uNyNL9AfRtNVMbH.rNueIYuy', 'Sourish Roy', 'Institute Of Engineering And Management', 3, 'sourishroy@outlook.com', 8145682184, 0),
(60, 'sayaree.gupta@1996', '$2a$08$Bb5TM440jwm8v3eAKomZvOIkMn.XhbQBTDVAxTz4BkBp1UCwAAcFW', 'Sayaree Gupta', 'Techno India College of Technology', 1, 'sdgrules1996@gmail.com', 9051096124, 0),
(61, 'sreetamapyne@gmail.com', '$2a$08$U7cxGhpTJjM/6Ae/oqzGfukWMwUcdAyVRBQQQ91Jq5Dk5XAKQA57O', 'sreetama pyne', 'techno india college of technology', 1, 'sreetamapyne@gmail.com', 8013839496, 0),
(62, 'sherminator', '$2a$08$RvcxhcDc5AfZfatW4.PGJ.qTClEkn3eh46aQ0dRoL52WchAM/IHVO', 'Siddhartha Gupta', 'National Institute of Technology, Durgapur', 2, 'guptasiddhartha19@gmail.com', 9230450756, 0),
(63, 'singhsakshi', '$2a$08$cOw6GkIBW818Bi7D70JCIuEB.hS5tkoKv0U/SB6tfKPPjhF06RmxW', 'SAKSHI SINGH', 'Institute of Engineering and Management', 1, 'singhsakshi71096@gmail.com', 9830523785, 0),
(64, 'Soumitri', '$2a$08$FMQbFK2mDxMvz2D6kuEpRORyKt4P9IoWyDv17bvQ2zPoSEDflViCq', 'SOUMITRI MUKHERJEE', 'Serampore College', 1, 'swtpoison12@gmail.com', 9038736940, 0),
(65, 'tiyasha', '$2a$08$tffeOSnlX0yQq.EBDuNDN.V/KmJJBgQ7Bp4ium07xgQWciV7h7Z8W', 'Tiyasha Khan', 'St. Xaviers College,kolkata', 1, 'tiyasha.2308@gmail.com', 8697174882, 0),
(66, 'Somnath Roy', '$2a$08$OK.xjah1QY9vwMaLzK9TaODcfEse7dcMQHU/kQxGv9GSsr8RYxWpa', 'Somnath Roy', 'West Bengal University of Technology', 3, 'roy.somnath.1993@gmail.com', 7278408535, 0),
(67, 'Nandini', '$2a$08$g0RkoNxHZX5c2VJMc20ssuiRd7F16y.1RCr64gI/03l/7Ei6d/v1u', 'Nandini Chakravarti', 'techno India college of technology ', 1, 'nandinichakravarti96@gmail.com', 9836967635, 0),
(68, 'nehabothra93', '$2a$08$K2AKiY2xZnP/3eLReHPLVemHiB2dmE7i6j0N0nCBCE7FcrYWht/RW', 'Neha Bothra', 'IEM', 4, 'nehabothra93@gmail.com', 9836962689, 0),
(69, 'titash2895', '$2a$08$tTtjqyFjSi80EKiS3/IIx.nCfjhUNtUFgf0r4xAn8yWFh5IoOTtq2', 'Titash Sengupta', 'IEM', 1, 'titash2895@yahoo.in', 8017116104, 0),
(70, 'shaswatarubai', '$2a$08$0GVgw6kBxgsf74WIKIF7B.mq.RbYNr/nPKsV54HuFtbcUdZmnzWIm', 'Shaswata', 'IEM', 3, 'shaswata210794@gmail.com', 8961605633, 0),
(71, 'Raquib.Akhtar', '$2a$08$gQMuVmhTVh.XRsOahKbhl.06vJ6zYRPlD2ysOpMgLqLQY90O0/sT2', 'RAQUIB ADNAN AKHTAR', 'Meghnad Saha Institute of Technology(MSIT)', 1, 'raquib.adnan@gmail.com', 8100605596, 0),
(72, 'pyush', '$2a$08$y7vsqnjGH8DwYcMy/tFvn.kf0twn2/I/vowcZBOLveGpQth/aFvrm', 'Piyush', 'techno india salt lake', 3, 'piyush14garwal@hotmail.com', 9007084641, 0),
(73, 'yashrajkothari07', '$2a$08$N/WET0pJKIaziNpFzy58ru/d.5ZMxvbw1pOe1fIF32a4tSdY/PBJ2', 'Yashraj Kothari', 'IEM', 1, 'yashrajkothari07@gmail.com', 8293976303, 0),
(74, '12014002004028', '$2a$08$WH4SPcuRy4ggAo.91UhlROIbRmt0UEFtXIaEEyZlOTF4UNUvlzUCy', 'ANKAN HORE', 'INSTITUTE OF ENGINEERING AND MANAGEMENT', 1, 'akhore.dhn@gmail.com', 8017482876, 0),
(75, 'avinash2203', '$2a$08$5iG0K75BKUV9vtLPjYbp/.nWlr.dJYST3OfFh9aYFuPETwLguHZDu', 'AVINASH SINGH', 'INSTITUTE OF ENGINEERING AND MANAGEMENT', 1, 'avinashatfire@gmail.com', 7044305731, 0),
(76, 'Ricky', '$2a$08$tIDPtcfMYbaxwl4ivdjtIu1EqvNvIGp8exeS0GDU6OgBhmZpiekc2', 'Sagnik Bhattacharya', 'Institute of Engineering and Management', 2, 'rickymukherjee16@gmail.com', 8981002072, 0),
(77, 'nimishsarin', '$2a$08$3Jk0Oqizc4Dabhc4Br9lnOWDtO7pv3QF3bz4Y3gXwWhZINFdEoTxy', 'Nimish sarin', 'DPS GGN', 0, 'nimishsarin@gmail.com', 9910120473, 0),
(78, 'arijit', '$2a$08$pDhvTvRGS5MumUvIT2JsouLRsiLYTeonWacYbgtrXq4NmqkrpPAgq', 'ARIJIT DAS', 'Jadavpur university', 3, 'arijitunplugged@gmail.com', 9477303975, 0),
(79, 'King of Quotes', '$2a$08$XUki8CEo.m3oKQZqhessiOgUxslQGNL1Gb.Wn3UMXQaiDjBqTEU8S', 'Aparup Ghosh', 'M.G.M. Medical College ', 3, 'aparupg1@gmail.com', 918986582992, 0),
(80, 'subhrangsu1992', '$2a$08$kIEjzhtAqV4fV2Vn5NLLYuEwmflHmmbsjidnnv81tEd.aZIwzGhXC', 'Subhrangsu Mukherjee', 'NIT Dgp', 0, 'subho.12@gmail.com', 9339434438, 0),
(81, 'jkritika', '$2a$08$XoHZlQMQLYFJuBj8ZmeDHu4qgpc0NSJNckHlKMgIwd1OPSToDLsWi', 'Kritika Jain', 'Institute Of Engineering & Management', 4, 'jkritika18@gmail.com', 9163847223, 0),
(82, 'prasun', '$2a$08$GWfrQaG6aOdleq/e9sncIeFOdd7WuBVUDR7wJGnHGDaFp5NI/nOF6', 'Prasun Das', 'Institute of Engineering and Management', 1, 'rajprasun2013@gmail.com', 8337831679, 0),
(83, 'rishc7', '$2a$08$HNlkRK3aKcdBd61US9yZzeQ9TziH8LCQwb7LNBh67tWhc/VUOnLdi', 'rajarshi chakraborty', 'vivekananda college', 1, 'rishc7@gmail.com', 9051418991, 0),
(84, 'sudatta95', '$2a$08$p.S.9SaNQUXdqZ68uANrmu2WSFsFGYVxE1vjr/3W692Jp03aU60dO', 'Sudatta Bhattacharya', 'Techno India, Salt Lake', 1, 'jhumaimontana@gmail.com', 9836127828, 0),
(85, 'sourabhsarkar', '$2a$08$dS5IsAaBhXFEuQ1a/eQhJubr8S09uVlVTo/xiKUikNRTyCkmu3Gke', 'Sourabh Sarkar', 'Techno India,Salt Lake', 3, 'sourabh.sourabhsarkar.sarkar@gmail.com', 9476319289, 0),
(86, 'pikachu', '$2a$08$m2flTOeBy.xs0yP1Xdhqke4jNjAhJYaVxPZMhGUR18RN8tLUOzW7a', 'Ragesh v', 'SEC', 0, 'ragesh10ten@gmail.com', 9746413201, 0),
(87, 'Nabil', '$2a$08$XoPXG6j4oKWSn2L4lkd6buBVXGuUBIwsPnlEiZ/d9mS2p0KerxcE.', 'Nabilur Rahman', 'Department of Management Studies, IIT Delhi', 2, 'nabilur.rahman@dmsiitd.org', 8285811979, 0),
(88, 'Mukul', '$2a$08$Rww5aK4qEq0KYOcPfHOsE.b6QAI7LpBeAAMko30pQfmDDpM9Pdjkq', 'Mukul Vyas', 'MCKV Institue of Engineering', 4, 'mv.dadhich@gmail.com', 8981818371, 0),
(89, 'ssharadathrey', '$2a$08$sQY1yM8izapz4M9z0n1Kj.tHrTJgaMpE5YUaO5qIZ3YW0eiyJRZhW', 'S. Sharad Athrey', 'Department of Management Studies, IIT Delhi', 1, 'sharad.athrey@dmsiitd.org', 8750596620, 0),
(90, 'Anurag1996', '$2a$08$xejrPnc3ps5uBsNUkMKn5e3YfNbVyh6CYgFnl3FT4FPsT3mxr8Bd6', 'Anurag Singh', 'Institute of Engineering and Management ', 1, 'Singhanurag225@gmail.com', 8013705570, 0),
(91, 'akanistha.banerjee', '$2a$08$m6RyiVJj2EsfoN5qZvgbiODh/D8BvJPvBUxLJF9xSN6VVXVUKnSGW', 'Akanistha Banerjee', 'Institute of Engineering and Management', 1, 'akanistha.banerjee@gmail.com', 8902726304, 0),
(92, 'gutts', '$2a$08$uXmroFmSZPOvrj9nE.YjmuDsbMG5fHUXu/K8jI6FbPiR/wrjiSUcO', 'Abhishek Aggarwal', 'Delhi Technological University', 4, 'abhishek271093@gmail.com', 9911499073, 0),
(93, 'abhinavjha28', '$2a$08$yUk.pZhOIQH7XLLfJpCpeeWAOzYTvSJRGPj6GEeSKzRzUZyPK09Ye', 'Abhinav Jha', 'IEM , Kolkata', 1, 'abhi28.jha@gmail.com', 7044293343, 0),
(94, 'Nitu', '$2a$08$OpQZiuNeblG99a6r1V512uMVm8yNqXFh94msZmFcHGiqi.uWdfSIa', 'Nitu Sharma', 'MCKV INSTITUTE OF ENGINEERING', 4, 'sharma.nitu23@yahoo.com', 8981334471, 0),
(95, 'adi', '$2a$08$tGyC.X1SZ1aCTlMwCgheI.MKfJNJugFqxLwJUmzejjZUqv9lFn7OS', 'aditya', 'institute of engineering n management', 1, 'adityaav1202@gmail.com', 7059880559, 0),
(96, 'shaunak1508', '$2a$08$nEI7B6JGO8AzKyuKlS.JPeqO0GkWVkNIbG7.kaAYCDQcfWgimIiWK', 'Shaunak Bhattacharjee', 'Institute of Engineering and Management', 1, 'shaunak1508@gmail.com', 8902466057, 0),
(97, 'Souvik96', '$2a$08$InCKpPZPhDOPULoG.BeIvOlLAkK93fbe0w6dltBHn3Pf88ludGpQW', 'Souvik Sinha', 'Institute of Engineering and Management', 1, 'souviksinha36@yahoo.in', 9830957888, 0),
(98, 'harshsoni', '$2a$08$nCgyOY8P5LoJSlIfFaDY5eqM.5VM/RwXNehudgGuLaEW3LiI6BoW.', 'Harsh Kumar Soni', 'Institute of Engineering & Management', 1, 'bondy50@yahoo.com', 8017000397, 0),
(99, 'Ankita Chandra', '$2a$08$oYXCtnpoBUlMnX6PmdrnkuikZ2JwZBhVRM/iIC/2y8R2Dr3hK82OO', 'Ankita Chandra', 'Institute of Engineering and Management', 2, 'ankitac1204@gmail.com', 9836597950, 0),
(100, 'sourov_ai', '$2a$08$M1v9xbktoJn5RMCcaieHjeLdNgNhZqMp3tP9HF2oKzqfr.A7MZVIC', 'Sourov Ghosh', 'Institute of Engineering and Mangement', 1, 'sghosh2402@gmail.com', 8697253435, 0),
(101, 'debargha', '$2a$08$Eu3Cog3pHwJ7N6Xw/EB0YuFj6jWjraxpC5BYqchvYZv8B.ZcXR7Hu', 'Debargha Chakraborty', 'Institute Of Engineering And Management', 2, 'dbargha.bubui@gmail.com', 8961390044, 0),
(102, 'basu18', '$2a$08$HnX7X.ey9tLzQtTFhn61zuMKEZSbatx5WMZLM9sT8IPqMhNgiuKMy', 'Basudeb Mitra', 'institute of engineering and management', 1, 'mitradhruba500@gmail.com', 8016026187, 0),
(103, 'coolgal95', '$2a$08$vcnV4NME0pT4yccxT9sXPu7eBDlKqoBaqZH1PoWzmrsbTCzh.LcNq', 'Baisakhi Chatterjee', 'IEM', 1, 'baisakhi.chatterjee95@gmail.com', 9051518256, 0),
(104, 'ankur', '$2a$08$6cyBPLjAQ/qwzZL995tsiejYyXYgKCGUQQoaNHYXzGUFLBMWoYTQu', 'ankur kumar', 'institute of engineering and management', 1, 'ankur.kr810@gmail.com', 8969511080, 0),
(105, 'Blaze001', '$2a$08$6gB8b68nuDb4aX6.r79avuZJ.y2WJfGTYVgbuTkMe0dYTwI0A.cF6', 'Soham Talukder', 'IEM', 3, 'sohamtalukder1994@gmail.com', 8013252131, 0),
(106, 'Sri6', '$2a$08$XgobbvZgox2fVRAn5vxqie6GO.WxkFSf1IoFPTBQitzN1SiPUbx9.', 'Sridharan Ranganathan', 'Jeppiaar engineering college', 2, 'sri63rssv@gmail.com', 9876543210, 0),
(111, 'raquibch', '$2a$08$MdsA8iihjjkn/X2LoL00Regu4gseYNlYlfMVNYZVQkLdb0d/IZl3O', 'CHOWDHURY MD RAQUIB', 'Institute Of Engineering and Management', 1, 'raquib.chowdhury@gmail.com', 8944839319, 0),
(108, 'govind', '$2a$08$nAVTmSKYbU8H6nVNBd.WHO24P1AJozqJ2JTP1C1S/PkSno7wJM54u', 'govind kumar choudhary', 'iem', 3, 'govindiem@gmail.com', 9051083232, 0),
(109, 'akashranjan', '$2a$08$X0rjwdneu5EtDr2EX/.tC.mdPc6D6eoeUVdgAaEh5pXvIu7oWI6pu', 'akash ranjan', 'IEM', 2, 'ranjanakash44@gmail.com', 8697895201, 0),
(110, 'anisha', '$2a$08$8sZwZA/XGqYdiQH/Rv.dkeprZJMU3Y4kR2lj6P0Z/VdCsqF2xwilu', 'Anisha ', 'IEM', 1, 'anishaagarwal29@gmail.com', 9831256720, 0),
(112, 'navin', '$2a$08$gFSzVmNVs6Tk.a9AZuzxIuED2BdbyrCoJ2oQTMddM/feUQZHK5XpK', 'Navin kumar gupta', 'Institute of engineering and management', 1, 'navg123@gmail.com', 9038835661, 0),
(113, 'Sohan Biswas', '$2a$08$XZisOKoFIE34suSzMV7FyOb8.FbM32yHeGDOfBtQEZLkryVotWN7i', 'Sohan Biswas', 'Institute of Engineering & Management', 1, 'sandipbiswas64@gmail.com', 9831877051, 0),
(114, 'ZTK13', '$2a$08$rENhQEYHn2TV3gk1R0t/a.PPjnm76AagUMRmX/kkZqMYSGC3R3hny', 'Surjodoy Ghosh Dastider', 'Institute of Engineering and Management', 3, 'surjo.610@gmail.com', 9062446883, 0),
(115, 'simar090', '$2a$08$vJcCLdlVP5LBhRZN8X4XJeDyeU29FzYM0HLsoP8Q.OVzZWUUkZWwy', 'Simarpreet Singh Bagga', 'Academy of Technology', 4, 'singhpreet.simar13@gmail.com', 8100599758, 0),
(319, 'mayank', '$2a$08$.BUB7DoPaZw9HJ9FpjHrnuE6t31zg3zJPaAty/21BabUZZzpffeRy', 'Mayank budhiya', 'institute of engineering and management', 3, 'mayank_emma@yahoo.in', 8274997694, 0),
(117, 'KAMRAN786', '$2a$08$4aPLAE1bpvLIfMe33SuECePQqRk20.zmWJbli.HTBeZUshi0xuIaO', 'KAMRAN MURAD', 'techno india university', 1, 'muradkamran75@gmail.com', 9748955875, 0),
(320, 'rahoool', '$2a$08$w/nxMADMvF7gqZFa9QWiWeJIMXCEnLm2ELcjduUjEhkuCOKDxpYdy', 'Rahul Agarwal', 'West Bengal University of Technology', 2, 'rahulagarwal003@gmail.com', 9635524987, 0),
(119, 'BA1DIK', '$2a$08$g/fFN9V2WBhrmkFQtiVnre6vExGkgnn7pnRRZx3rHAiI.enOagYpK', 'Baidik Chatterjee', 'Seacom Engineering COllege', 1, 'baidikc@gmail.com', 9062601888, 0),
(120, 'sunny', '$2a$08$SdkSqnMyDKTHZfXE9j2PbuCD3FvYi0/YR7nILEJ3uD0QrYyj1oyT.', 'Sourav Saha', 'Institute of Engineering & Management', 2, 'souravsaha43@gmail.com', 8697709622, 0),
(121, 'amitdigga', '$2a$08$DnMs3Lp7ZJ17srceTMlHQufSq/kRGJL/Ci9AgrJaObxXenLNvVtb2', 'Amit Digga', 'Institute Of Engineering & Management', 2, 'diggaamitoo7@gmail.com', 9903002926, 0),
(122, 'Connor', '$2a$08$ogzkC9o4oFZPZye1kaSkRub07H2cRTMEABjrvo8/UD.sjWcdryLFy', 'Aditya Saxena', 'Kalinga Institute of Industrial technology', 1, 'adityasaxena0106@gmail.com', 8093136500, 0),
(123, 'gourav_96', '$2a$08$gR.53szKCWyGzUgaS/GbQut4rSIGlk4iaTGiUzhgs.giJR7c6UFQ2', 'Gourav Jhunjhunuwala', 'IEM', 1, 'gjhunjhunuwala.96@gmail.com', 9038447464, 0),
(124, 'siddhartha1910', '$2a$08$4BhO.by4yQ4JvZ9mqz69seJYrFkuBxTUh9CsL2BR1lqXD/Cl.g0ge', 'Siddhartha Jain', 'Heritage Institute of Technology, Kolkata', 1, 'jainsiddhartha19@gmail.com', 8981193712, 0),
(125, 'Roshan', '$2a$08$B5acyAjq4HucVvt40a1dC.A2INZnD.vrPxNdnfK7XP42fHLJOIi.C', 'ROSHAN AGARWAL', 'INSTITUTE OF ENGINEERING AND MANAGEMENT', 1, 'roshan6860@gmail.com', 8798355216, 0),
(126, 'soumyadip.07', '$2a$08$ocrKEteE6q7wDFgT3Y5DROKGW7YlZAVJtz.L4/b4pvSomF2RH1oyu', 'Soumyadip Ghosh', 'IEM', 3, 'soumyadipghosh.iem@gmail.com', 9874897187, 0),
(127, 'mayukhchelseasen', '$2a$08$BXn8kXdFUmUewqQkacBiMeUfF3xtZtMuRFduxc93OHQce3EIsIExG', 'Mayukh Sen', 'institute of engineering and management', 1, 'mayukhchelseasen@gmail.com', 9804172525, 0),
(128, 'dwijapriyadas', '$2a$08$/gLFVu80xVmIpUcW8WpziuoHGlIpwMutpveZNcArZsKtDcWXWDJlS', 'Dwijapriya Das', 'Techno India University', 1, 'dwijapriyadas@gmail.com', 7278800818, 0),
(129, 'Chakraborty', '$2a$08$LtK9mWftc3LyrznHaqPOR.iWMregRpRH6jNQrqi17RMAgCCMrLc.K', 'Souvik', 'IEM', 2, 'souvik.chakraborty207@gmail.com', 8100546681, 0),
(130, 'souvik207', '$2a$08$JEgrXuURyF3Ph7gFovL6t.jRN35DfRbT5YMjrYMhcZDlzbelekHQu', 'Souvik Chakraborty', 'IEM', 2, 'souvik.chakraborty207@gmail.com', 8100546681, 0),
(131, 'ayanti14', '$2a$08$Z5ZaIoCeNSf5vgCfri2lMedAmoHDv6AZzk7IxySHiuz7QKTlLurf6', 'Ayanti Chaudhuri', 'Asansol Engineering College', 3, 'ayantichaudhuri14@gmail.com', 9476415962, 0),
(132, 'Mouli Neogi', '$2a$08$0kMWnh0H72ftXxN.l/OvYeqLUFkK9RvrDXlc1YOhuT2Y8NJ.1D5he', 'Mouli Neogi', 'Asansol Engineering College', 3, 'moulineogi40@gmail.com', 7865087250, 0),
(133, 'rohitp0679', '$2a$08$osTyiX2ZZW0H0GL9ukUQYOCK6h4TDgbo7jFU3IYXJKD2AfO.pSqDG', 'rohit parsana', 'geetanjali college', 4, 'rohit.p0679@gmail.com', 8000638886, 0),
(134, 'RONY', '$2a$08$UOoxvrKgpkzNW2wBDM8HA.zbjh3nt8LWgjytAOD4JMrkppg4LsTHy', 'DEBOJYOTI CHAKRABORTY', 'INSTITUTE OF ENGINEERING AND MANAGEMENT', 1, 'debojyotichakrabarti@gmail.com', 9038679768, 0),
(135, 'suraj20041995', '$2a$08$M4Ei1ahtTrkYZv3wRGjha.7o4QCD2YolHLD5BOgBPpdjYOcXQ78ny', 'Suraj Kesharwani', 'st thomas college of engineering & technology', 2, 'suraj.kesharwani.sk@gmail.com', 8961435043, 0),
(136, 'ashishotics', '$2a$08$3PSUzypQ050N2tFYLOCvPeCgAAGsRxT.oTC9.Vq0jIJjCjzqBq5bu', 'ashish mishra', 'institute of engineering and management', 2, 'b.s.ashish26@gmail.com', 7685854134, 0),
(137, 'tester1', '$2a$08$1SV23qAebJSQcxbFSrH/a.fXeD/T870ujGLBhuFFbg1z5zaDtVMke', 'Bunty Kumar', 'IEM', 4, 'subhodip@gmail.com', 9674361668, 1),
(138, 'kurian george', '$2a$08$LZHAq41VhYir1TMbGmjZJu4zEoCE.CnlywdrdIMo2vD4IhUk0uKSK', 'kuriakose george', 'icai', 2, 'kuriflip@gmail.com', 9567820826, 0),
(139, 'Debamitra', '$2a$08$l6C2mXcaomIyixJAeDM0Uulmu/rv3aeRwV24xbJUiTFeBHHzitFhm', 'Debamitra Bhowmik', 'Institute of Engineering and Management, Kolkata', 1, 'debamitrabhowmik96@gmail.com', 8697574661, 0),
(140, 'shanudumka', '$2a$08$KRHDmE7ge5yl/66ud/0souVWZFxK1gsCLpHzkQno.4pOinbV3PIyK', 'Shanu Kumar', 'Institute of Engineering and Management', 1, 'shanudumka@gmail.com', 7044296210, 0),
(141, 'Debdyut ', '$2a$08$3bB0PXBly6YmN.NKxqnxJuB83WIHKaeDfwx5WouJ1ihrLABKZl0bm', 'Debdyut Hajra', 'B. P. Poddar Institute Of Management And Technology', 1, 'debdyuthajra@ymail.com', 9804578497, 0),
(142, 'Harshit', '$2a$08$JPh/BveYjJHpDVPh78B2zOI7x5cENw65yVbUPcDGksQuSk8j23BCu', 'Harshit Agrawal', 'KIIT University', 2, 'harshit9295@gmail.com', 7749995953, 0),
(143, 'Titir12', '$2a$08$Ylt9n/K9H1BBv/JnoAb.FuxpeMTEiZU9urJkJA99iKlfa/dq1Yxdi', 'Resham Das', 'Government College of Engineering & Leather Technology', 1, 'rdsecret@yahoo.in', 8013812028, 0),
(144, 'bhavesh', '$2a$08$RUwfZZ3SSfG0ubMtFLjwJemmdTDClhv9xbyw9rfuWNvdZGTfbDmiW', 'Bhavesh toshniwal', 'Institute of Engg. & managment', 1, 'bhaveshtoshniwal97@gmail.com', 9804905673, 0),
(145, 'illusionist', '$2a$08$X0SMLJ6a2RYCEl92.ApNEeFzxsBTYLXnz6NljY4MpHHg5O6BlVPYm', 'Abhishek Kumar', 'IIT Jodhpur', 3, 'abhishekrkmv09@gmail.com', 8441962964, 0),
(146, 'jinankjain', '$2a$08$UWicVV93tHvKQWlKHJJPXudqfTDDfxDuQGfowSE3d9VVNfFzIeCzW', 'Jinank Jain', 'IIT Jodhpur', 3, 'jinank.rocks@gmail.com', 7597846108, 0),
(147, 'brotinkonar', '$2a$08$EljzZhqoOCsU0Ge2D8ro3uB0OyYybG4.WohI0IUXx.F3XFbx326NW', 'Brotin Konar', 'Institute of Engineering and Management', 1, 'brotinkonar@yahoo.in', 8697931787, 0),
(148, 'blasphemous', '$2a$08$uaRlb2yB15vQ4QHXREMP4.xbdMJBfnGnziMOmwAio5PxCuP6hmn3i', 'Aseem Raj Baranwal', 'IIT Jodhpur', 3, 'ug201210005@iitj.ac.in', 9660186398, 0),
(149, 'Here4Beer', '$2a$08$DY4QgUVF5BxO8t2saBzNsu7n81HfGsNrEXRrP.JFAfyX4gAe/l5qC', 'Sreejan Shrivastava', 'jadavpur university', 2, 'isreejan.1210@gmail.com', 8697040981, 0),
(150, 'divya5884', '$2a$08$BRCgrbyw2z/d0qiGEJGnh.cG.xrMYUxUXiJ3GCGprZDHSUprCpOVC', 'Divya Kiran', 'IEM', 1, 'divyaa5884@gmail.com', 7059880590, 0),
(151, 'Ghosh', '$2a$08$yz5/cIt4RDhOFnoECozC5.PlhNIlViBBWzU8J180OJpeA5.ewbEDO', 'Ankan', 'iem', 4, 'ankanghosh38@gmail.com', 9674281975, 0),
(152, 'mroymalakar', '$2a$08$Zs/ii5vptPn31psawYkovutQ0TwqAVgLCA/.9NR7quB4EK2Ue35Oa', 'Maitreyee Roy Malakar', 'Institute of engineering and management', 2, 'maitreyee95@gmail.com', 9836832779, 0),
(153, 'Bijoy', '$2a$08$gjlh66JAA4y/.966YZojZ.nSqKNvXtnLNrr6Hs5R1so1siuXhD7uK', 'Bijoy Sakha Ghosh', 'Meghnad Saha Institute of Technology', 1, 'ghoshbijoy2012@gmail.com', 8013571621, 0),
(154, 'Mayukh14', '$2a$08$TdgWT7u6RToEXXI4YiF4hu2XMsboIaU.Uve75GHGsXkF9Ku8MNcaO', 'Mayukh Roy', 'Institute of Engineering and Management', 1, 'mayukhroy1996@gmail.com', 8420292401, 0),
(155, 'theKaustuv', '$2a$08$ClvGPR20hb7HUZuByf/EEe7CrcOZhrh9Kn3BR7FGQHdQLaweK08MK', 'Kaustuv Mukherji', 'IEM', 2, 'mukherji.kaustuv@gmail.com', 9830021922, 0),
(156, 'Shreyasi25', '$2a$08$1CGhYx87Y9gEoEv5DsNEGObjWhe4InZNZYIYJD8xPMXp3N47OrciO', 'Shreyasi Ghosh', 'Institute of Engineering and Management', 1, 'ghosh25shreyasi@gmail.com', 8981461580, 0),
(157, 'abhi1995', '$2a$08$QEeALqH0gVps1/qRwCwNveSMdDgg1qItxEmbThJTQvWSU1DJfHyqq', 'Abhishek Manna', 'Institute of Engineering and Management', 3, 'mannaabhishek@rediffmail.com', 9038564082, 0),
(158, 'iProsanta', '$2a$08$TihEgv29XKXtQo7Wo2XwFODSpIlQvE7Z81SDy1o6BEBoo3O27T2ES', 'Prosanta Ghosh', 'Institute of Engineering & Management', 3, 'prosantaghoshece@gmail.com', 9046219893, 0),
(159, 'reonraj', '$2a$08$XuwZU7N32EZ9pYcURXVBNe2VkGGyT2dLr7vmnNSH9pnze6Ce7Gld2', 'Raj Kr. Saha', 'I.E.M', 2, 'rockraj456@gmail.com', 8101408874, 0),
(160, 'somnath52', '$2a$08$IZkQxZc.vcyILvgVMPixsOrRPW1.yXkQuRDA.mDA9xh7iupIicXIS', 'Somnath Rakshit', 'Jalpaiguri Govt Engg College', 1, 'somnath52@gmail.com', 8961522108, 0),
(161, 'Ron', '$2a$08$Vl6YgFF2ZEKgBR61q28ZC.Q5L9oAD1kyUmCPZ1Rw5Oa2GL10ZL2rS', 'Subhrajit Hait', 'Institute of Engineering and Management', 2, '06dthrdr@gmail.com', 9674889304, 0),
(162, 'prithvi', '$2a$08$nh69e5w/qsvrbt3fpPbJbOVsfdzXfHuD/zVZgvZaWrVy24aE2mzBu', 'Prithviraj Dhar', 'IEM`', 2, 'prithvirj95@gmail.com', 9571682654, 0),
(163, 'simplytrue', '$2a$08$b2QDyI.W8ZViol/2HeHdPOQ6RaFeCqOQyIqXcTzpJDqPwhxroe/s2', 'Bhaskar Tejaswi', 'IEM Kolkata', 2, 'bhaskartejaswi2008@gmail.com', 9748210719, 0),
(218, 'gourav_j', '$2a$08$nerwAppIYPobTDIji7K4HeOwYckcmIVJ6ycz/9RGdegDpY5oBM.BK', 'Gourav Jhunjhunuwala ', 'IEM', 1, 'gjhunjhunuwala.96@gmail.com', 9038447464, 0),
(165, 'Severus', '$2a$08$6EWOCXyQuN89i2chD1/gheG6OOuP97Z1u5chz1rjP15LVv2w7OSOu', 'Severus Snape', 'Institute of Engineering & Management', 2, 'snape.the.legend@gmail.com', 9432573899, 0),
(166, 'sham', '$2a$08$v4tcNGwa61Tznn3ElZ6TguOHod8cURHsGKm/awmp9qSmgdahLmkw6', 'Shambhawee', 'IEM', 2, 'shambhawee09@gmail.com', 9038862031, 0),
(167, 'abhay26', '$2a$08$0DK7CXjss.2U0VR/dwJeK.IX1zqYC6k65swvAWgV7AD0rOYnvQ0V6', 'Abhay Mangal', 'NITMAS', 4, 'abhaymangal26@gmail.com', 9163687568, 0),
(168, 'simran22', '$2a$08$ED6nHe0GecLGMS1rPXsBJeu8Dkd/b306bYUNnGLaV4UixB6wnZox6', 'simran singh', 'institute of engineering and management', 1, 'ritika.singh348@gmail.com', 8961359934, 0),
(169, 'Tyrion Lannister', '$2a$08$ZxmGdlpfEgr6prdtSs4iAuBnXZuXb8innKvABuF2Clx2/2ciPimIm', 'Chirantan Chowdhury', 'Chennai Mathematical Institute', 2, 'chirantanc474@gmail.com', 9790756979, 0),
(170, 'rashmita', '$2a$08$CUM6Vf8RtfFUHUJfMTQUmOo5JXdf73jq9XmZvR8F5WhP/zrx6dSmC', 'Rashmita Samaddar', 'Institute of Engineering and management', 2, 'samaddarrashmita@gmail.com', 9748849552, 0),
(171, 'Prerit', '$2a$08$oakd1umU28BsL0dfi6EBIOizrssjBcu1UHA0ffuw3KNym6nhrz692', 'Prerit Singhal', 'Narula Institute Of Information Technology', 1, 'prerit0994@gmail.com', 9087371342, 0),
(172, 'Nik', '$2a$08$3GN1tK9eMDLiJKMAu9PpzOIazh9Tk9BzC8RGu56glPqevG8k6jPWC', 'Nikunj Baid', 'VIT', 1, 'nike.baid@gmail.com', 9994224500, 0),
(173, 'zee', '$2a$08$AhaK/BEa6VwKGjCqHdUwiOW1nJuxRJ1CHJBFWjdm8f8se4puyDpUm', 'Zeba Rashid', 'IEM', 2, 'zeba.iem@gmail.com', 8017351440, 0),
(174, 'prantarg', '$2a$08$AsuU3l0iGkma6.6FoXm/muTC79N8I6fhPbq6kWo9un4015ZLJA8Sq', 'Prantar Ghosh', 'Chennai Mathematical Institute', 3, 'prantar.ghosh@gmail.com', 9962086758, 0),
(175, 'sayak1996', '$2a$08$SxZriPWShEg2p/1LwTI08.0MDLFtu.KUIG2m1YgX5FWLVLJ7DdVeO', 'SAYAK MUKHERJEE', 'Government College Of Engineering & Leather Technology', 1, 'sayakmukherjee2010@gmail.com', 8479810069, 0),
(176, 'Cypher', '$2a$08$SliAfQ9VV95cLn6UvgTu.uSPI9pG3Uu52fcj6Olp8.IDI2nSMXsVa', 'Victor Saha', 'Institute Of Engineering And Management', 1, 'nayansaha95@gmail.om', 9831681009, 0),
(177, 'desperado', '$2a$08$W9gxGh7UZPNN9WSW68U/V.FFdzs59UhdUM7hjOsGpbUyvTsryDpCO', 'Vishaal Saseendran', 'Sri Sairam Engineering College', 0, 'svishaal93@yahoo.com', 9840371417, 0),
(178, 'koustuvs', '$2a$08$Az.MsQdvaChUCQxQqe.GG.v.STevR8slh7mSxhQZ09Ii.Hzu.PkGC', 'Koustuv Sinha', 'Institute of Engineering & Management', 0, 'gamekathu@outlook.com', 8274855652, 0),
(179, 'soumik_13', '$2a$08$7/ocXl0AlVx1z7mDngVx8OOffCl.zSsC67T5hNFAU48WmopCgrkE2', 'Soumik Paul', 'Institute Of Engineering & Management', 1, 'soumik39@gmail.com', 9002477555, 0),
(180, 'kuchirubai', '$2a$08$2fXILHBSHgrYFwpigvRhXuMpr3i0CB8vaVoA4OtYr8T8Oi5I.i4n2', 'Arindam Sarkar', 'Institute of Engineering and Management ', 3, 'arindam5961@gmail.com', 9432440095, 0),
(181, 'viv_is_there', '$2a$08$0cIPQ58nhS2oyJmGgYgZN.Zhi7MWIR8cYMOniDQOcvXJ9istBCuU.', 'Vivek Panicker', 'Budge Budge Institute of Technology', 2, 'vivek.panicker27@gmail.com', 9674141028, 0),
(182, 'krishnendu', '$2a$08$NTWRgP68ISwoG/NQrn6t1OgD4ELkYLT6Ucmj6emBIk/H/8K.XIhBi', 'KRISHNENDU PAUL', 'IEM', 2, 'krishnendupaul1808@gmail.com', 9038189927, 0),
(183, 'ashes07', '$2a$08$I8Z7mVcu.L1XFzpvidGyO.v0KFfwrKCZomMYazcsf6MmJayC1bZty', 'Ashish Kumar Sarkar', 'IEM,Kolkata', 2, 'ashish.aks3003@gmail.com', 8274890896, 0),
(184, 'Harsh', '$2a$08$VS3XhYz7UUMskiXLfow0BOs1Py0AaERW7Y/sJSdYqJirY688tOp3K', 'Harshvardhan Gupta', 'Delhi Public School, Ruby Park', 0, 'harshvardhan_gupta@yahoo.com', 9830021676, 0),
(185, 'VIJAY', '$2a$08$SgxzTMNuOx3UPRUZPMk9aex38kWUYiUyFd7mu4iqF94ounnJI1aSa', 'VIJAY KUMAR GUPTA', 'BUDGE BUDGE INSTITUTE OF TECHNOLOGY', 2, 'guptavijaykumar07@gmail.com', 7278323365, 0),
(186, 'felix', '$2a$08$WchVNHGRsbxY3Elp6YPivum4TtPlCwmW6tCxCbZLPl7P.fHkPWaFy', 'Dipanjan Dutta', 'WBUT', 4, 'spiritofall@gmail.com', 8961871248, 0),
(187, 'sin', '$2a$08$yjis95qXS/5Yn4SmH331veUPJskdqhUY7IwFLpzHPbbJR3DECCYYW', 'sindhuja rao', 'techno india college of technology', 2, 'raosindhuja7@gmail.com', 9903896608, 0),
(188, 'swapedoc', '$2a$08$US34WZ1pcbDnUwHx6PRlgOuHMCu2J3uKDeSGeMk7AtpCdwtCvx2F6', 'Swapnil Joshi', 'NIT-Bhopal', 4, 'joshisunny9@gmail.com', 9827803744, 0),
(189, 'dchatterjee172', '$2a$08$Mu9GdjJqGAJL7UaSmVMIme6sYAfUhp9igCS9djSCbkvNh9c2jXSsa', 'Debajyoti Chatterjee', 'Institute of Engineering and Management ', 1, 'dchatterjee172@gmail.com', 8272957334, 0),
(190, 'Sourav_Kmr', '$2a$08$sVsNnNjffsbv6JAlIzwGL.SAX8xZW/DziEDpn806uFYX.1h4BQ1v.', 'Sourav Kumar', 'Jadavpur University', 1, 'souravkrazy@gmail.com', 9674387482, 0),
(191, 'Anirban_NC', '$2a$08$Zg0P/pw6sC9lR4DoN5zkxee5s4lTBiygwa94oy0SXZRf/icFTsIim', 'Anirban Nag Chowdhury', 'Government College of Engineering and Leather Technology', 1, 'anirban.nc@gmail.com', 7407652997, 0),
(192, 'utsab_ray', '$2a$08$GwU9zZeXaIiyhqJb0of6E.//02qdCtGqGmAIdkLi04LTInaCJcavq', 'Utsab Ray', 'Institute of Engineering and Management ', 2, 'utsab_ray@yahoo.co.in', 9748498356, 0),
(193, 'SDEEP', '$2a$08$/0VmoGoQBc/pgMweu/5vnutEoMCNkGc4LzHh/22MQLLrlapfvgSt2', 'SUBHODEEP SARKAR', 'RCC INSTITUTE OF INFORMATION TECHNOLOGY', 3, 's_deep69@yahoo.com', 7872572407, 0),
(194, 'Sanyam ', '$2a$08$FlYViC0FweTZ7hPkMGuSwehjlQ2Ps.GSx/FIXo71sKnGT8R5egzo2', 'Sanyam Goel', 'DPS Azaad Nagar, Kanpur', 0, 'sanyamgoel.pc@gmail.com', 7398008799, 0),
(195, 'kbathwal', '$2a$08$9EbGFlq80kOiHVCCLNJPO.mPmzS7EJ3Fqp2oujO95KnAp5u.ZW4wm', 'Kshitiz Bathwal', 'Birla Institute of Technology Mesra, Kolkata', 1, 'kbathwal@live.com', 9830302066, 0),
(196, 'mtulsyan1', '$2a$08$Zf329hfC6UTV1/RZN4M31u.eb2LjJQ.4c1wXPaPa.is6q1FYjqn8a', 'Mohit tulsyan', 'i.e.m', 1, 'mtulsyan1@gmail.com', 8961134969, 0),
(197, 'rucci', '$2a$08$aNozN9XlLZdUQFvRquw1PeY1SVIdeMUyUx5uogwLunWnaZ20rls.6', 'Ruchita', 'SP', 0, 'ruchita90@gmail.com', 9916101178, 0),
(198, 'sd', '$2a$08$rDF9HOCm0BcUfb1hq1djH.6Qwbcj.1z2n0mTNra.weAU/mf9CeoeC', 'Soumayan Dutta', 'IEM,kolkata', 3, 'soumayandutta@gmail.com', 9830484910, 0),
(199, 'rtulsyan1', '$2a$08$5.0BEFVubsUUhyyAaj0G/ucNhAVU.4ahofLcKCvDL9rSlDpK3qO86', 'Ramesh Tulsyan', 'i.e.m', 1, 'rohitenterprises24@yahoo.com', 9331287419, 0),
(200, 'subho1992', '$2a$08$njiTyxCMSsAo.w3lFN6VtuAZgYtjSj3RFCAnZi4a/K2XJBKZkVIfK', 'Subhrangsu Mukherjee', 'NIT Durgapur', 0, 'subho.12@gmail.com', 9339434438, 0),
(201, 'ittester', '$2a$08$HjSYi.ytWCwm5lP4HQQxrOfQaKRp8QeF6p54JUaLkhZLwpXPm9vbe', 'it', 'IEM', 3, 'ittester102@gmail.com', 8961875291, 0),
(202, 'szuparno', '$2a$08$varrkSLhmwSaQBKdpQnUuu3uSgjKXudsUNjxo2QlEkYnm6QQuHTG6', 'Suparno Panda', 'Future Institute Of Engineering and Management', 1, 'szuparno@gmail.com', 9836972200, 0),
(203, 'nehabothra', '$2a$08$AJO/jlKUy5o8Qwd5Of/UJO8QTI0CyUDwM09IMUKVSZFTJDfElDk6a', 'neha bothra', 'iem', 4, 'nehabothra93@gmail.com', 9836962689, 0),
(204, 'Kebby', '$2a$08$46foeVYkPRgYZRGblwI1o.YAwDdsgsNIts4Iex7B6NdGNb8tbM8MS', 'Kaustav Bhattacharjee', 'IEM', 3, 'kaustavbhatt94@yahoo.com', 9804842016, 0),
(205, 'frusctovsky', '$2a$08$Mbtzh2vvHgU3k/rqmzCLMu6JaUjtRT.symY3IZ.m7IUirLflcwrwe', 'Frusctovsky', 'Froosh Pub', 0, 'galactocalypse@gmail.com', 9163440325, 0),
(206, 'Paras', '$2a$08$oexEKYcGxeVPUOOZIA/tk.s.yDn2Mk8HWcFHXVbrO4mUVb1vkopAy', 'Paras Nahata', 'St.Xavier\\''s College', 1, 'pnahata12@yahoo.com', 9051345500, 0),
(207, 'darklord', '$2a$08$1FPKAZCB7Sbkyi2A0cilqOyib5zC8hfga/mp4R5wBKBrUSTXyRL5i', 'Kshitij Pancholi', 'NIT-Bhopal', 4, 'kshitijpancholi@gmail.com', 8085659549, 0),
(208, 'ace_riju', '$2a$08$UIaBecCK4OAnzAzXEH28V.I48KsO407BuhfSSPCy5yEXrybHmSNM6', 'Riju Pramanik', 'DPS, Ruby Park', 0, 'pramanikriju@gmail.com', 9051504422, 0),
(209, 'daredevildas', '$2a$08$9WAhKpWjz07KvaMx8WV/k.R0T6c6vfbKRBE0ocCne8shNmepqG8Aa', 'Pratyush Das', 'Don Bosco School Park Circus', 0, 'daredevildas@gmail.com', 9051603323, 0),
(210, 'Saibal', '$2a$08$I991ZlZg47RfKAHFE.ts9OUuOyQ/NIIB.HAsvjYhYKzIbeAk4ORnG', 'Saibal Singh', 'st xaviers college', 2, 'saibalsingh001@gmail.com', 8902758899, 0),
(211, 'PrinceCrypto', '$2a$08$.ndLqsp7GgYtS9S5ObNQKOxEvgMKCbcbI5vPqPs.0/4EDCzHPaKQu', 'Harshvardhan Sawal', 'Manipal Institute of Technology', 2, 'cyberhawkstuds@gmail.com', 9916493100, 0),
(212, 'RioCocO!', '$2a$08$jTbKratIX0XQD.LD1jahj.CsSnM53J4XUnB2NcKn7kYI8Gce1zqjK', 'Swapnendu Majumdar', 'IEM', 2, 'coco2cool@gmail.com', 8961110632, 0),
(213, 'smukherjee96', '$2a$08$Vif4fRRBrUc.xszC0FmDN.LysQHrxb9WGcsbE1Ri5WqL0aOw34WbK', 'Saptarshi Mukherjee', 'Neotia Institute of Technology Management and Science', 1, 'smukherjee96@gmail.com', 8100810668, 0),
(214, 'Sonam', '$2a$08$Ila8Vx3r.X53buhnqehDPejXUrXzU9OpQ6sUulBJ1fTdTlYoglxuu', 'Sonam Sahoo', 'SCDL', 1, 'chinsahoo@gmail.com', 8121947882, 0),
(215, 'goeldhruv14', '$2a$08$e1UUrXNzAfeqyzwA8yJU9e28oKWZ52oiVCPOP9tFUzBuO0j4ys4xe', 'Dhruv', 'STCET', 3, 'goeldhruv14@gmail.com', 9830020919, 0),
(216, 'rajat.shrma94', '$2a$08$twhFaN7U2s4McFT6CrVlieVaVe6FzS3axcc.H6ex/TUrq7TMofa9y', 'rajat sharma', 'LNMIIT', 3, 'rajat.shrma94@gmail.com', 9828977738, 0),
(217, 'd3C3pTi0n', '$2a$08$L9mp8M1apXrJYlscQlNs8OFVBlFzyMDoVYe1VNKbV/R8nGybLvN1m', 'Akarsh Raj Singh', 'University Of Petroleum & Energy Studies', 2, 'akarshraj12@gmail.com', 9536131467, 0),
(220, 'gajendra13', '$2a$08$MOIzftGSg/qo4MRO6snmgum4JRNeXg3GA2ewrMLDFHuISiO1fvxym', 'Gajendra Solanki', 'IEM', 1, 'solankigajendra135@gmail.com', 9007616027, 0),
(221, 'Vish', '$2a$08$2OaKOzZtIl8qHzWWy7SGj.vml4jngMwj6MTiMAhii/8ppJuj3yVT2', 'Vishal Lohkna', 'KIET, Ghaziabad', 2, 'vishal.lohkna@gmail.com', 9634152901, 0),
(222, 'EvilCorpse', '$2a$08$W8u6VTnw5aspyobhcFyiCu88udAy.TtSWWRiUcjzM.HiKRTFKIpC2', 'Aritro Das', 'IEM', 2, 'aritrodas2013@gmail.com', 8697484752, 0),
(223, 'SnakeEye', '$2a$08$R2844Hn.KzSay6P9VDotsOKEqh0KLuR5cW15m38jMuMEHL8yZv9xG', 'Sumit Singh', 'MSJ Bharatpur', 4, 'sumit29singh96@gmail.com', 9602538189, 0),
(224, 'arunabha.ghoshal', '$2a$08$gQBqEi7GToTDT4fCTNeNpOK6EuaZrDhZt2rc7fvVAQfoD8k0xyQ22', 'Arunabha Ghoshal', 'Institute of Engineering and Management', 1, 'ghoshalarunabha@gmail.com', 9874534429, 0),
(225, 'NAMTA', '$2a$08$rpfbnFsx.ZR/mhxgvCRpJef5qgqpzkHHVnld.U6CNzltRIpsFfXPm', 'GOURAV', 'Institute of Engineering and Management', 2, 'gourav.jsr1993@gmail.com', 8420353843, 0),
(226, 'sayak', '$2a$08$AIpt40D0VOqTlDfXcQdeL.PVg9biat0Kaq6/qebkYpNI0WTOe4xli', 'SAYAK SAMANTA', 'Institute of Engineering & Management', 2, 'sayaksamanta82@yahoo.com', 9831269547, 0),
(227, 'shaif00', '$2a$08$aCkVOrOzKlyxFXoLGMrYBO37nv6qqJUIUin7KPRk6B5VIN42bWyRa', 'Shaif Chowdhury', 'I.E.M', 2, 'chowdhuryshaif@rediffmail.com', 8900059178, 0),
(228, 'vsr', '$2a$08$YR92mHfKNpkb/oizAQ4JHucMMPipDPu5Giqzn99rSvdIgXluAg6gO', 'VISHAL SINHA ROY', 'Institute of Engineering & Management', 2, 'vishalsinharoy@gmail.com', 9038261450, 0),
(229, 'bitasta.b', '$2a$08$Dj79uhHe/dFfyOTte8ZgFurBQ1by5TxLBiCRvxXY5yGxrzBK0iym2', 'Bitasta Biswas', 'TICT', 3, 'bitasta.b@gmail.com', 9051353835, 0),
(230, 'aishvary', '$2a$08$.P5.cZ1eEBPLYDv5pNvCmu9XGTmC8e5vxCT6fjMGKyzMhHMRIK0GO', 'Aishvary Pratap', 'KIET Ghaziabad', 2, 'aishvarypsingh@gmail.com', 917037786433, 0),
(231, 'klueless', '$2a$08$AXPVeL3sLk66jWaQwYpvwu6p2kPSl8BDbX7r.vYd09pyfb3cjyoP2', 'Gaurav Shastri', 'IIT Jodhpur', 3, 'shastrigaurav95@gmail.com', 7597512307, 0),
(232, 'VISHAL', '$2a$08$f7IGt2WClbQGcrqpbDq.yOBqtiSO53B0AmNhRRxfAb4mEnhVGBcL6', 'VISHAL SINHA ROY', 'Institute of Engineering & Management', 2, 'vishalsinharoy2@gmail.com', 9038261450, 0),
(233, 'CJ', '$2a$08$24Nap14DvYNZks4ePLAEcugzhENLlqhdKdlychyMB3syE8x8VNBTK', 'YO YO CHIRAG', 'Institute of Engineering and Management', 0, 'forlogin6@gmail.com', 8420986739, 0),
(234, 'TANI', '$2a$08$Qu0Px9mxIGRTHK36p2cf8OtMD519ebMaztUK6CoV540PJH6jXferO', 'TANIA ALAM', 'TECHNO INDIA UNIVERSITY', 1, 'tania.alam.mou@gmail.com', 9874480466, 0),
(235, 'supriya sinha', '$2a$08$bxgGWVo9v/ueL3/sMH3eKOd6otSTSoA8SLC/.8PEtk7H9eCmopz5W', 'supriya sinha', 'driems,cuttack', 3, 'supriyakri95@gmail.com', 9304795257, 0),
(236, 'chalubhalu', '$2a$08$bEjad6wvPe.4k1MYy.Lq0.RLv0wkNsX3A7pZkCdPQ6SKQcu6/lTz6', 'Mrinal Ahlawat', 'NSIT', 3, 'mrinal@gmail.com', 9999553890, 0),
(237, 'battlemonger', '$2a$08$/iovv5sIc8mKKkLmPouwFOa07VSlvi6LUn71tu0rCmEz7p0s4neky', 'Tushar Gupta', 'IIML', 2, 'tg170889@yahoo.com', 7753012024, 0),
(238, 'zgod', '$2a$08$31FoN4THFyg6kPvcwcOFOOxsIsNMbNqpSCNtUDosdIoASmMPSfOy.', 'Shinjan Mitra', 'Institute of Engineering & Management', 3, 'shinjanxp@gmail.com', 9477522691, 0),
(239, 'arghyadeep', '$2a$08$KYHL/XTIiI50M4Nta.Lkz.F/fKZ0mpAFYUF8wC7kTdXYtNCxSCs2a', 'Arghyadeep Mandal', 'IEM', 2, 'arghyadeep11@gmail.com', 8001838136, 0),
(240, 'aajad', '$2a$08$kE55.lMTOIK0im4n5BpKpujxEwzBqq9ubvHwGJFvT4wz7yiFkXOlC', 'Aajad Kundu', 'IEM', 2, 'kundu.aajad@gmail.com', 9748998561, 0),
(241, 'sushantkr17', '$2a$08$Zryr2dpLrXI4dYQTZA4SXerTjym7IdPGVogb6xEVxXly//NCU7Ex6', 'Sushant Kumar', 'CIEM, Tollygunge', 4, 'kr.sushantdas@gmail.com', 9851835595, 0),
(242, 'Amanrishu', '$2a$08$YNiMRx07gJVAtAkshKxaq.DP.wH3PCTYPJ1BnWqRmVYEwXzxOhoda', 'Amandeep', 'Institute of engineering and management', 1, 'aman.rishu.ios@gmail.com', 9681558531, 0),
(243, 'akashmohta', '$2a$08$0/VkE4KjVEaFdpidSz5HVe1.8WbCq5Epakd9OMv.2/d6ScXKaw8ae', 'Akash Mohta', 'iem', 2, 'akashmohta8@gmail.com', 9038853450, 0),
(244, 'ritwik', '$2a$08$ylwVQDIW5OSK1cw3khK2m.CzJd/APM/m6cDuVKHasdc.oyew859tO', 'Ritwik Nandy ', 'Institute of engineering and management ', 2, 'ritwik.nandy18@gmail.com', 9883322211, 0),
(245, 'Poushali', '$2a$08$1D07ZLN5ev/5O8Ver1xvde2kwFfPawhbjVsvp2JsZglb0xekBBT/2', 'Poushali Mukherjee', 'IEM, Kolkata', 2, 'poush.me@gmail.com', 8981414747, 0),
(246, 'urmisaha', '$2a$08$wrN1ssR3iQ47amqyi9lbFOFFUo0pCriLucoDxEenLRxUtsFVweOjy', 'Urmi Saha', 'Institute of Engineering & Management', 3, 'urmisaha.88@gmail.com', 9836128549, 0),
(247, 'cr7', '$2a$08$K8jdcJhIR8tBKk3w8wyHEOMqRPMST2jm6IhP8mhNbVQITaaOpHEaS', 'arijit Chakraborty', 'university of engineering and management, jaipur', 1, 'arijit.legend@gmail.com', 8621975543, 0),
(248, 'Raj', '$2a$08$XSsZYL6gwipPS1gZVz71eOQu3g7s6Mom4sXxM.veWCqkc1yTVGJ2S', 'Biswadeep Upadhyay ', 'Institute of Engineering and Management , KOLKATA ', 1, 'biswadeepupadhyay@gmail.com', 8697025976, 0),
(249, 'Sushmita95', '$2a$08$bVKZlE3NnsQ9xJEywSS3GuH4d8HMNJXFPQCvZeldg/DLdJZJj3lpG', 'Sushmita Mallick', 'IEM', 2, 'sushmitamallicksphs@gmail.com', 9836143630, 0),
(250, 'Rajeev1503', '$2a$08$ob3dmWD6eh7V5yI.ZfNIQO6cMPR3VdlmmF4.S1ADGRd84UwLTkzbS', 'Rajeev kumar', 'Institute of engineering and management', 1, 'rajeevkum3211@gmail.com', 7079256949, 0),
(251, 'parthibbiswas93', '$2a$08$GxFR7Bhsyqc1CEkWaFqU7.elSOZ49jKAOPGQSZt1fzp43V7j1oLfq', 'Parthib BIswas', 'Institute of Engineering and Management', 3, 'parthibbiswas93@gmail.com', 8961315416, 0),
(252, 'Prashamit4', '$2a$08$vnQIsNDhd31o28pFRjMUBuGUdtg985iCNlVP2zcrucdc8HgN.yeCK', 'Prashamit Roy', 'Institute of Engineering and Management', 1, 'prashamit846@gmail.com', 9477774343, 0),
(253, 'XRL8', '$2a$08$8TXb1hPnENfqt38wGsejC.k85t2RI8hJfBQLWooGhkHiW2F9jirYK', 'Shashwata Mandal', 'IEM', 3, 'shashwata275@gmail.com', 9163121129, 0),
(254, 'Becks', '$2a$08$G55X0Hw/v5fTzL08kroMreYDQx77i57JL2kxMz.5n.7WnYnKWm5Z.', 'Bill Gates', 'IEM', 4, 'anirbanavi1993@gmail.com', 8961491997, 0),
(255, 'Ayushi', '$2a$08$gHK5RcLbf2Cbf2LACvlss.rRNXa5k4SAtbm5nqO3JCwKf3PTMcdo6', 'fshfvbja', 'IEM', 3, 'cutie.pallavi55@gmail.com', 8444052522, 0),
(256, 'subhrajit', '$2a$08$ct6AE9sFQnTEld.vUQm0E.JYStN7KJj8/Y8X5qNGILOs6Q9bqTF1i', 'subhrajit saha', 'iem', 2, 'subhrajit.saha2@gmail.com', 8697832838, 0),
(257, 'SHALU', '$2a$08$zhJdDIfBBEkIpw7MhSnX8uRw.EXb.G77AdW/O3vZN8Xrk3dcqVdW.', 'SHALINI PRIYA', 'INSTITUTE OF ENGINEERING AND MANAGEMENT', 1, 'priyashalini161@gmail.com', 9525109579, 0),
(258, 'anudeepghosh', '$2a$08$DgigihTwDVvTVhmgl9AygOclEVCg.i3U5r9/gMVGnXTQqkVS9Dmdq', 'Anudeep Ghosh', 'IEM, Kolkata', 2, 'anudeepghosh01@gmail.com', 9748193066, 0),
(259, 'deep20', '$2a$08$u2h/5tnKaArfXBaQH4Cb2.ouw1RxUGcSJ8PYWSmVDYHR5i4RAo3GG', 'Subhodeep Sarkar', 'RCCIIT', 3, 'agent.deep@rediffmail.com', 9475963789, 0),
(260, 'Raquib.Adnan', '$2a$08$X6dacvMCdKKiiTBbE0mtPuA.HIRhIrrm5wBEnGsSttJ4kszQQ05LK', 'RAQUIB AKHTAR', 'MSIT', 1, 'raquib.akhtar@yahoo.com', 7762824586, 0),
(261, 'ishanmitra', '$2a$08$cmW96XvNGAvlhRInt8CHa./V9Gzy2Yv7rlnkphgySX0dNX9urE/qa', 'Ishan Mitra', 'Vidyasagar College', 1, 'cooldudeishan1996@hotmail.com', 9830434180, 0),
(262, 'Barun', '$2a$08$.fNvhBT/Y/xUsWkknw5HyOK6fYIk4rP9yw2wZ5SYL1KgbbnXJO/A.', 'Barun Mandal', 'IEM', 1, 'b13mandal@gmail.com', 8972005077, 0),
(263, 'tron', '$2a$08$i1njkC/22toZPTCaZuAKX.v/lTmJMljLpwjtv5TLIkpG8DhKXtkq2', 'kishlay raj', 'iem', 3, 'k_raj982@yahoo.co.in', 980488496, 0),
(264, 'pratikgulai95', '$2a$08$CLmz6GmFPgmoq0v9doVUMutSxXsDnZDhb4dlf52bdbHgkRm.dBTtW', 'Pratik Patra', 'IEM', 1, 'pratik_gulai@yahoo.co.in', 9051224967, 0),
(265, 'rajarshi', '$2a$08$KKms/KrMx6IToFa72EqkNOA7oe/sOYKE0Av6/wq3Z7mcVuXoP6edq', 'Rajarshi Nag', 'Institute of Engineering & Management', 1, 'rajarshinag99@gmail.com', 9007054074, 0),
(266, 'MDG', '$2a$08$XbkckC.bGbZqiwzcRdPADuHziIeKw7dvRgyj9qTkiHgQhmALnQoKu', 'Mainak Dasgupta', 'Institute of Engineering and Management', 1, 'mainak.bc@gmail.com', 8334890392, 0),
(267, 'sky56', '$2a$08$vPKDjpqG3ixefwRrSs77HeZdG3gChPMT5uTLdfEKq8uTA14Shr1Qi', 'Akash Choudhary', 'West Bengal University Of Technology', 3, 'skychoudhary56@gmail.com', 7679577899, 0),
(268, 'Shaswata21', '$2a$08$YChrmv6172PrIG7Gp5ByhezESwO/Q5qd8kOlQKxET6bljwU73vKby', 'Shaswata Bhowmick', 'IEM', 3, 'shaswata210794@gmail.com', 8961605633, 0),
(269, 'suvo', '$2a$08$3SjTTozjDbN4RGBpj9L2au9V2IfCrM9D8iW7jH4EuIjZaw09BZoxi', 'Souvik Ghosh', 'ju', 1, 'souvik.kala@gmail.com', 9062429138, 0),
(270, 'aparnarc', '$2a$08$evl.REfZi0H2hwBP6A7ZS.RdguC68zWZYX4Dfjda4wiDNrIpy0YSa', 'Aparna Roy Chowdhury', 'Heritage Institute Of Technology', 0, 'aparnarc2012@gmail.com', 9674648428, 0),
(271, 'Ghosh_mr', '$2a$08$mRQjkv.xqGCZQ3AqSo9QA.CctsxCiyX2OtM8MEaVt2r917coz0Gke', 'Subhajit Ghosh', 'BPPIMT', 4, 'sunny.subhojit123456@gmail.com', 9674121734, 0),
(272, 'sayan_dey07', '$2a$08$9Ty5fDR2pDHBW6zqGsS0OOUW.ZLamYjxrSRiHT06S6ijtjZE.MD6G', 'Sayan Dey', 'IEM', 3, 'sayan.dey9999@gmail.com', 9674771314, 0),
(273, 'ayushgg92', '$2a$08$oTNjiUxWW23V65A1r9tdjudXxw2gbHAYqOUypu.xuLI0li.lQDlxO', 'AYUSH GARG', 'IEM', 1, 'ayushgg92@gmail.com', 9674477296, 0),
(274, 'lr7745@gmail.com', '$2a$08$.HJEIcVC3E5X2GHrVypXoORe1hHe60Sp5oxchH8oCza59VQSUYCSe', 'Anamitra Roy', 'SVIST', 1, 'lr7745@gmail.com', 9831481350, 0),
(275, 'lr7745', '$2a$08$xwUTEv5koVQzF0zMizEYfO2B55Ev2EDai6kmsBR3b8Sfr7aslNAfm', 'Anamitra Roy', 'SVIST', 1, 'lr7745@gmail.com', 9831481350, 0),
(276, 'shubham', '$2a$08$UHPlDqkKl2/IgGMJh37ys.0FRYmztzujLQelKxXpHczmqKDDSjg0a', 'Shubham Saria', 'Techno India Salt Lake', 3, 'shubhamsaria@rocketmail.com', 9432531470, 0),
(277, 'code.love', '$2a$08$/nrkvS.VaPoaeOdQoKn88OzMIK1Si9dJUQXtQlbOoQmO6iAHXoiwW', 'Rumela Ghosh', 'iem', 2, 'rumela95@gmail.com', 9836548446, 0),
(278, 'richard_brook', '$2a$08$NkPCLAOs3LipUx4XNKL8cOu2B8gqbFAMXmqGGPTOJhEb1jXXgMr6m', 'Richard Brook', '221B Baker Street', 0, 'richardbrook@gmail.com', 9874563210, 0),
(279, 'srijita', '$2a$08$bdZkcdCdiZA95zXT3jPR..yLtUsMbLu2eQzqyaAGc7NX1dK4sdetW', 'Srijita Thakur', 'IEM', 4, 'srijita.thakur@gmail.com', 9339072217, 0),
(280, 'ruparel', '$2a$08$P67c7wBuH7rx/f2GXBHBAuXxwYNPM5JIAYhAwDq03OPRTbjXgWHFi', 'Vivek Ruparel', 'Jadavpur University', 4, 'vivekruparel92@gmail.com', 8961226286, 0),
(281, 'titash2905', '$2a$08$ujzLxL9RUNNiSqEK7F30JupkbfMVHkiplF/eJMBtZvceAUJHPqZI.', 'Titash Sengupta', 'IEM', 1, 'titash2895@yahoo.in', 8017116104, 0),
(282, 'mainak', '$2a$08$DKtA1tMshZvf8PT3dXpO3.69B1ejExgMj.Ud0o6bb8Kf1j3/Sy3g6', 'Mainak Paul', 'Bengal Institute of Technology', 4, 'mnkpaul099@gmail.com', 9836467627, 0),
(283, 'infiniteriddler', '$2a$08$eA8NagXhleOwFUGQLSiNFOrdfWH44bT1eYxs84YFELdn9sobllCn2', 'Saurav Mittal', 'DPS Rohini', 1, 'infiniteriddler@gmail.com', 9958882100, 0),
(284, 'rajarshir', '$2a$08$wT796nny367m6jXgvdWpO.6m9sY1ViIFnI6gvXSvmdJTMfLUVajRK', 'Rajarshi Roy', 'Chennai Mathematical Institute', 1, 'rajarshi008@gmail.com', 8056060329, 0),
(285, 'PAYEL', '$2a$08$UjK32B4fF9ZHrHmPzWfD4.Nfhp5ACgBs0VBvfxwHyB7OXNs2bw3zW', 'PAYEL KARMAKAR', 'TECHNO INDIA COLLEGE OF TECHNOLOGY', 2, 'kriyapayel@gmail.com', 8981404215, 0),
(286, 'sayakc964', '$2a$08$UBslZaksrH1CnJZO3KLlieOdmRjA4I93SqlgCc3Pk2fVv12Z3j9/.', 'sayak chakraborty', 'iiest shibpur', 3, 'sayakc964@gmail.com', 8981882754, 0),
(287, 'dipayande1@gmail.com', '$2a$08$nngnThj.gRVIIHabHcAudO5KD8SYmCiHdh5NhB5TS3qS8J8BbToBe', 'Dipayan De', 'IEM', 2, 'dipayande1@gmail.com', 9903588603, 0),
(288, 'blank', '$2a$08$k51vCIZKAZDs35/47hk3J.6hey3ue2tWgV53bpjxm5moaQ47zHgSG', 'Sarbajit Paul', 'Institute of Engineering & Management', 2, 'paulsarbajit560@gmail.com', 8961062930, 0),
(289, 'aniket7824', '$2a$08$7hCMIbDzBFNE1ZCdaljVSOaCyeDY/Jd/B.Qces4rnMoKnA/NXaje6', 'Aniket Sen', 'Institute of Engineering & Management ', 1, 'aniket7824@yahoo.co.in', 8961527249, 0),
(290, 'raj123', '$2a$08$8dCtlG22CKAUoldmJvdTd.utOB.E5aqL4TKfRBcB6dtYvwqBM6bne', 'Rajarshi Nag', 'Institute of Engineering & Management', 1, 'rajarshinag99@gmail.com', 9007054074, 0),
(291, 'ghosharkaprava@ymail.com', '$2a$08$1HQWFv7Yh4x9wxy0mcuh9.leSUrKnTl5EOMVKV2EGa/B99zWXkkbW', 'ARKAPRAVA GHOSH', 'IEM', 2, 'ghosharkaprava@ymail.com', 8961200108, 0),
(292, 'sayoniduttaroy', '$2a$08$y9L.Kk2XtKuBS.zCSqSIAusF9edwrzkwC0prROac9/ku3ur2SJike', 'sayoni dutta roy', 'iem', 1, 'sayoniduttaroy@rediffmail.com', 8981104529, 0),
(293, 'shamikbasu9', '$2a$08$RmpNoRFP8/uiCLEyO25t7OoKEMllSYZcbcpX88rCFU35fRd523.OS', 'SHAMIK BASU', 'Budge Budge Institute of Technology', 2, 'shamikbasu9@gmail.com', 8420752299, 0),
(294, 'aashay8', '$2a$08$hZO7ElkBmP6io7rXyGbaMuS80gaIE.fQMc53FS6DIMA/NRn8./1lC', 'Aashay Gupta', 'Not anymore', 0, 'aashay8@gmail.com', 9832753335, 0),
(295, 'random', '$2a$08$tvdXMQPygXJ.sZ5eaWIjE.KaaG3bxRU6BHIRSfcYzSCznid9zh0dK', 'asdfgh', 'abc', 1, 'random@gmail.com', 8091127460, 0),
(296, 'tanayab95', '$2a$08$FCQHFVPOr6MEKTyM14Y8E.AW2W.FHoNfE52U7x2fWpClWz44TPcrW', 'Tanaya Banerjee', 'IEM', 1, 'tanayab66@gmail.com', 9804784347, 0),
(297, 's6wars90', '$2a$08$.l73Jtv7rpeEWeb14NYjw.FA.pLya9BkP5Kyx0QXSJs9ibuZk7Rbi', 'udit kumar', 'dtu', 2, 'uditkumar765@gmail.com', 9650537695, 0),
(298, 'Sharma', '$2a$08$ZiTQbhT2HWos3p1dRXQnx.5fqcikFJ5sXEx0sYtM.8Y/hAi3rGcp2', 'Punit', 'Techno India Saltlake', 2, 'punitsigma47@gmail.com', 8902159144, 0),
(299, 'nikhil nihal', '$2a$08$BJtZ5aVnQrV8MiTF0HZfJOzR.WQUj2Bc9K1snKuCwUAzCuFOu4Uc2', 'NIKHIL NIHAL', 'IEM', 3, 'nikhilnihalnn2@gmail.com', 8981426690, 0),
(300, 'thisissags', '$2a$08$6B3nXUGlNiw4iOWzZvNhp.UWqCdViF7VW7Oqpm/TPscq.CzMlEfWq', 'Sagnik Banerjee', 'Techno India College Of Technology', 2, 'thisissags@gmail.com', 8436361734, 0),
(301, 'ranit.ganguly', '$2a$08$kklMdvrtUzxPgDS..CoW1uNSHHB.SAWTnXXX31FG0HuTfY4D6HLqi', 'RANIT KUMAR GANGULY', 'TECHNO INDIA-SALTLAKE', 2, 'theofficialron@yahoo.com', 8981672257, 0),
(302, 'shirsho93', '$2a$08$h.4scsgtL2tQdoYqwmqSKunTQB7PZOiUENdVtOmxRASJkRf3fbhoK', 'Dwaipayan Ghosal', 'TISL', 4, 'dwaipayan.ghosal@gmail.com', 8961425088, 0),
(303, 'iamtheadmin', '$2a$08$0CMZOrto8MjWrC5utRFxseFio8.7.R5r9anfV3pFq6vk1mz8G.6n6', 'ansil shajil', 'nitc', 3, 'ansilsshajilindia@gmail.com', 8547760671, 0),
(304, 'amruthasudarsan', '$2a$08$lmMlsiMo3brRcg89dXum/.34YVVITxCM9XxmOhYfaROBmFXmality', 'Amrutha Sudarsan A', 'Department of Management Studies, IIT  delhi', 1, 'amrutha.sudarsan@dmsiitd.org', 9717276658, 0),
(305, 'sahil28', '$2a$08$Au03OK./D/07FTzTCtjDA.I1yhbUQvIFGZ4yzRMseowXjBO.bmaZe', 'sahil kharb', 'iit jodhpur', 1, 'sahilkharb@iitj.ac.in', 9828954288, 0),
(306, 'pbc', '$2a$08$pOY0DvxJv9EKwfG4Q8EswOR3ikUkfiJwJkj/sBb.DPszGd7XQdrV6', 'p.banerjee', 'Narula', 3, 'pbc1508@gmail.com', 9876436890, 0),
(307, 'susmitB', '$2a$08$J/ihTip4Uk4..W44PBWwXuujBAsMq3PWUTqBIV1o0wwfE.2oKF92C', 'Susmit Bhattacharya', 'Institute of Engineering and Management', 3, 'susmbhattach@gmail.com', 8902243856, 0);
INSERT INTO `users` (`user_id`, `username`, `password`, `full_name`, `college`, `year`, `email`, `contact`, `role`) VALUES
(308, 'shampa ghosh', '$2a$08$LtTJs11Q6D5PS0IQ0fGw/.s09A.mtdFI9JH/GQ/myML9p7GBmv2pG', 'maitreyee bagchi', 'institute of engineering and management', 1, 'shampa.bagchi@yahoo.in', 9836456431, 0),
(309, 'Bhattacharjee', '$2a$08$6doMhCYqYtR7d3z.JbpiAup0zn2nLEAE1kCOyuUPsveulRnJAswqm', 'Juvaraj', 'Sri aurobindo institute of education', 0, 'jubaraj1204@hotmail.com', 8697054804, 0),
(310, 'rudrapriyabose@gmail.com', '$2a$08$WqdIDQ83P/1msU3yrj9W6uRlYJI1nS07oeenif.nKNvTMUQxN7.Em', 'RUDRAPRIYA BOSE', 'Institute of Engineering &Management', 2, 'rudrapriyabose@gmail.com', 9903594268, 0),
(311, 'xynazog', '$2a$08$UGp86oSpo947PE7audnaweSXQgU2suD2v3Z/tE5rtePE7QLZORxeG', 'Ankit Bhagat', 'PICT', 3, 'ankitbhagat20101994@gmail.com', 9049047060, 0),
(312, 'penguin', '$2a$08$jbQX4hQ1Ec7mT6ZOfmJzF.iykDsxtbQZjHSwfssQ1I4gdSd9eupNm', 'RAHUL KUMAR SINGH', 'IEM', 0, 'rahulkrsingh1993@gmail.com', 9738656197, 0),
(313, 'nishit2109', '$2a$08$PLTdxstuYhHQvqW10W8zgeHJASptmQXJZBiZt0HiRVhNyc1QnVLDy', 'Nishit kedia', 'IEM', 4, 'nishanuroyal@gmail.com', 9038913432, 0),
(314, 'vishu', '$2a$08$Z1mYRH3P07ukA80cZzyDRe5KMDtYDMNEO6LOl6bJfRIT0ELXBImzi', 'vishal mallick', 'IEM', 1, 'mallick231193@gmail.com', 8981745111, 0),
(315, 'parekhnish', '$2a$08$qU0vr6ru8fcOe9ZNmAXSF.jZUYnUZi.YBgWyVelMWjiJsxpAw0kCG', 'Nishit Parekh', 'IIT Jodhpur', 3, 'blabla@blabla.com', 1234567890, 0),
(316, 'doramon', '$2a$08$fkghRaQC0fGz.ZvwCJz5f.rLUAHvVe1zKOOtsowzjOR91Tw9urCf2', 'vishal mallick', 'IEM', 1, 'mallick231193@gmail.com', 8981745111, 0),
(317, 'ankitanurag777', '$2a$08$7gEszQailVHtDxJpoqN/.ullyUmJKOqBubTsIsgiAxCsWKii8Bqki', 'ankit anurag', 'IEM', 2, 'ankitanurag777@gmail.com', 8420189407, 0),
(321, 'pinakeshcool', '$2a$08$EazDysKwsdfsGuoSKcFi0ORVtawQDlmpe8LMwYmdOE./riwRfzqq2', 'PINAKESH CCHATTERJEE', 'ACHARYA PRAFULLA CHANDRA', 1, 'pinakeshcool@gmail.com', 8759623793, 0),
(322, 'Sid', '$2a$08$zDkUoff.qJttzQp4kqGOYuCwPNIS0rQ7t08uYURf2CcTeET83xvW.', 'Siddharth Anand', 'iem', 1, 'sid.and@gmail.com', 9874965638, 0),
(323, 'RKT@nitdgp', '$2a$08$7cTsdkkRsgGG2d5Ms396SunMpNN7Q77uU7iYT2230f2MiE3.G0qlC', 'Rahul Kant Tripathi', 'Naional Institute of Technology, Durgapur', 2, 'kanttripathi1995@gmail.com', 9874387392, 0),
(324, 'buzzoo', '$2a$08$/NGc0mJ5Evh7fQOQ.2p6DueZ2HtW3ahrLcrI/n5FfD7SPxN9JQuDa', 'sk nazrul rahaman', 'iem', 2, 'rahamana.nazrul1@gmail.com', 8961109474, 0),
(325, 'soumya007', '$2a$08$1gkKHkXuF2piPWxTgCMdWum8dOBLcwHGJNzns.XxyzCQF27UzZVq.', 'SOUMYADEB chattopadhyay', 'iem', 4, 'chattopadhyayfb@gmail.com', 9432673112, 0),
(326, 'Uday', '$2a$08$3UVKT3bAfWbBkEYXzwLxN.AilXADLxvdkD70FMxHsbyChoBt2sA5.', 'Uday Dhande', 'Jalgaon', 0, 'uday.dhande@relianceada.com', 9325119784, 0),
(327, 'SayanPaul', '$2a$08$c6JwYlNHlnpxfEjwZkEK4.0E.gszdMf4gPsoOYwxQgmw.VnzzLNR.', 'Shiv Yadav', 'Netaji Subhash Enggineering College', 1, 'sayan.paul@live.com', 8013841354, 0),
(48, 'iwllbethebest', '$2a$08$fV0UZcHWBl1eZTjP44a9LehzXZM3tOxp6EZnaqwYMPPfsYC3bJhRe', 'Ashish ram', 'NIE,mysore', 4, 'iwllbethebest@gmail.com', 9901680501, 0),
(329, 'Devans', '$2a$08$QJycKeQuBPt6QWzJYsMz/.PkO/jTZk5nNQDsq/Jw7NwbTwiJhrLuK', 'Devans Somani', 'IEM', 1, 'devanssomani@gmail.com', 9038266836, 0),
(330, 'ankitkumar', '$2a$08$v5J6TXlX.2g5VVqIa.dsYuDIUgpBFJyRG8F/1ddDfrcET5Pd8msHi', 'Ankit kumar', 'iem', 2, 'soni.ankit2464@gmail.com', 9883928116, 0),
(331, 'Subhrayan Biswas', '$2a$08$gQYytAoNvQshnWa6pIpqjO38vux5NHPYec4f52bqSsUGGSPfyaSjG', 'Subhrayan Biswas', 'Instituite of Engineering and Management', 1, 'subhrayanbiswas@gmail.com', 8961236167, 0),
(332, 'aryan225', '$2a$08$viQb4AVFR0isaF825nVCm.xEG9b50AO3Ru6hWGqEQMTOqkjH0szF6', 'Aryan Singh', 'Techno india, Saltlake', 2, 'sangamsingh.1994@gmail.com', 9804478904, 0),
(333, 'SOURAV212', '$2a$08$XmoJULPBGby3nhFjTlT1wOE1CPMA.KngV9dTQ5CRm2WKxn2vwpVD2', 'SOURAV AGARWAL', 'KIIT UNIVERSITY', 4, 'SOURAV212@LIVE.COM', 8093452060, 0),
(334, 'rai', '$2a$08$STGPTSzLGx/qKWoZnkn8se7BkKtC/eNN7Iy0cpC2KstvwcP8o3yAO', 'raisha ghosh', 'kiit', 2, 'cutiepie@gmail.com', 8988765531, 0),
(335, 'abheek.tarafdar', '$2a$08$6Cxwm2rB2d4D8J12lXRoHOwRG0IDnYCR0tWgg9zDonWB7fUKrbeTe', 'Abheek Tarafdar', 'IIT Delhi', 1, 'abheek.tarafdar@dmsiitd.org', 9620731793, 0),
(336, 'rajatsaha', '$2a$08$bShmqzdpePNVNqZ.tsT3VuEycfoA/2WOgSR2UxMCOzR74YQWAXgQi', 'rajat saha', 'nit silchar', 2, 'rajatsaha1994@gmail.com', 9334097032, 0),
(337, 'aritri chakraborty', '$2a$08$30vlOUAeh0pYGsB5ob7JSO9UojpaVMzyJiQIi37H1LHwMm9d87eiu', 'aritri chakraborty', 'iem', 1, 'aritrichakraborty@gmail.com', 9163602950, 0),
(338, 'amankumarjha100', '$2a$08$9v.qv4QfLwKP9Ow8HjFmj.CBe1aGC.6GZzqhe5WZAs25p.6Nb2Gt.', 'Aman Kumar Jha', 'IEM, Kolkata', 1, 'ak9588171@gmail.com', 7059469001, 0),
(339, 'znxftw', '$2a$08$jyLE4I1KFmj/KmUytKks2OPUixVXc0P43MSj1O1Z9KWb3aqb5nqr2', 'Vishnu Bhagyanath', 'None', 1, 'vishnu2101@gmail.com', 8281296512, 0),
(340, 'tuhin1996', '$2a$08$d5lw2zFpA0iEFxCCdzzHSOcrit45xxpB/YXbriUu7/7oaqmsrnobK', 'Tuhin Saha', 'Institute of Engineering & Management', 1, 'tuhin.saha.1996@gmail.com', 9093945917, 0),
(341, 'hbk_foreve', '$2a$08$MuDXnY/0MIISH1YnLbbPyuzr79L9rWh9JK76NfSHwZueg2gGe2SW2', 'krishnakant Sarda', 'IEM', 3, 'krishnasarda1@gmail.com', 7278270872, 0),
(342, 'aksingh', '$2a$08$A162myPdKdDw903hocSYPenJ.E6ZyfFw6sqBNt5CK1n5BHT6MzXmK', 'Akash Singh', 'College of Engineering & Management, Kolaghat', 4, 'mobileonsale@rediffmail.com', 9883081466, 0),
(343, 'deepayan', '$2a$08$aiAdVjMOID1kWokGni/xMeCkGUNd8CIZPfVVH3JiYIyHOPosSKjrO', 'Deepayan Bardhan', 'Indian institute of Engineering Science and Technology(IIEST), Shibpur', 1, 'deep.bardhan@yahoo.in', 9883933443, 0),
(344, 'sandip_Jana', '$2a$08$nsFE8U4hV0bcJQTuwn0Q5uNs8ufg6lbDcdtFTiq8aGnVLudGAdvZC', 'Sandip Jana', 'IEM', 2, 'sandipjanajsr@gmail.com', 9836933674, 0),
(345, 'subham123', '$2a$08$wWQdlSax8zafI9mXZPFpEeW7ux7M/F8GNPPo8dN2JBhRUSLPCU.JG', 'subham mukherjee', 'institute of engineering and management,kolkata', 1, 'subhammukherjee61196@gmail.com', 8274842165, 0),
(346, 'ashu1234', '$2a$08$a1Xg7EYO.NWiodX0MW3WwuL3ihrq36kRxx6vSmIM0QkiNDFsN9qvG', 'Ashutosh', 'Institute of Engineering and Management', 1, 'ashu.chaubey123@gmail.com', 9748653749, 0),
(347, 'rahuldas171293', '$2a$08$ldSv2JybDgsJ2FvjsxVFfeSBAPxCPzrPUaIRyAHnR9feQhZ1jvZPG', 'Rahul Das', 'Heritage Institute Of Technology', 3, 'rahuldas171293@gmail.com', 9748163172, 0),
(348, 'ashokkumar', '$2a$08$Uxu9OcN7cOsMtMaA7OJgbOCbK/wwJtdncfAQSc3JPV3FSfjUxY36a', 'Ashok kumar', 'techno india', 1, 'ashokkumar11@gmail.com', 8907890991, 0),
(349, 'Nabendu ', '$2a$08$fnQ8Pwj4F.USTYf2peRfEelmL1sxVHJhkrD/TSw5vctAJesK67NzC', 'Nabendu Ghosh', 'Techno India, Salt Lake', 3, 'nghosh500@gmail.com', 9474065173, 0),
(350, 'vaibg', '$2a$08$J/aRRzANEMIlXBBx6qnsL.vlhOydiEfRYnd6lhCzK64DvzhHaIlrG', 'Vaibhav Gupta', 'IEM', 2, 'vaibhavsdd@gmail.com', 8100218614, 0),
(351, 'Sam Winterfall', '$2a$08$VEHGobnvAQ8nhvTU0pRfYu2sfoBR/PBz/QqoTgpQTLaEm/fxA1BVe', 'Soumik Sarkar', 'Techno India University', 1, 'smsarkar82@gmail.com', 8697142016, 0),
(352, 'sidhant', '$2a$08$/opSgK3DM3grk3juplBa/OKr040Ea9H212rq3CKZGDATvmgZylUf2', 'SIDHANT GUPTA', 'Academy Of Technology', 1, 'coolsid1983@gmail.com', 9007176256, 0),
(353, 'Rubai13', '$2a$08$EQxO7ol/sg6oU41DbapzzOPOGWwTG42.qFc.8LSZUThQJk8njB0DS', 'Indranil Mukherjee', 'Government College Of Engineering And Textile Technology,Serampore', 3, 'rubai.lee@gmail.com', 9038876605, 0),
(354, 'DayDreamer', '$2a$08$OG9I3DWeTdLZ8xW3qc5hj.C3jl1KQZLTSWlw/fhTrCaxMHLoppUuu', 'Pallavi Roy Chaudhuri', 'IEM', 1, 'pallaviroychaudhuri@gmail.com', 9830863261, 0),
(355, 'sanketdg', '$2a$08$LKmOIS5fO1t.eZUieBMTWODmJg1oN5LoEfzjOoqia4TGH3S/nlPvK', 'Sanket Dasgupta', 'Academy of Technology', 1, 'sanketdasgutpa@gmail.com', 8583850441, 0),
(356, 'Vid', '$2a$08$abOsdgophLbXCdAdB95ZZOToPrdq2kQ0lOcjhP0hT8B7d8jt7RxH6', 'Vidyut Pramanick', 'Seth Anandaram Jaipuria College', 2, 'Bidyut312@gmail.com', 9051969809, 0),
(357, 'mayank007', '$2a$08$H0V5J7qqMwCF5eeW/GsOsu5m1QVnMTPtmi2ZPbOWGjIjFlPTWsI8q', 'Mayank Verma', 'NotInCollege', 0, 'mayank.verma048@hotmail.com', 7409932188, 0),
(358, 'debduttanag', '$2a$08$EloWZKsNeUCdtnX75KazJ.Twg9pl7x0fDYw/gqKAuGn9v2dX2EyAC', 'Debdutta Nag', 'Institute of Engineering and Management', 1, 'debduttanag3110.dn@gmail.com', 8293809785, 0),
(359, 'chamariashreya', '$2a$08$lkq6ciukwm1JicQBsjGoh.YK.d8uUYJQfhwRZATdtoPgbOWh..h6e', 'ss', 'TISL', 2, 'chamariashreya@gmail.com', 9163220215, 0),
(360, 'madhumanti.maiti', '$2a$08$v1DlRpiAmU2sQDrJ3owsOuzX7CaJmqX5qYiE0q6BPwPU9XU9sww1S', 'Madhumanti Maiti', 'Institute of Engineering and Management', 1, 'madhumanti.maiti@gmail.com', 9831015639, 0),
(361, 'At OZ', '$2a$08$duJ5FZgB26J3oJJngxNbCOhTfa7lTv9iFlVBTQ/gC2WPvOh81vKdW', 'Sreeja Shambhavi', 'KIIT University', 2, 'sreejashambhavi@gmail.com', 9040434948, 0),
(362, 'ARAY', '$2a$08$NVr127bNq3BOmNLWlEzl2uN8Moyx25.RnjOk6qhyopLlQUCAhOxB6', 'ABHISEK RAY', 'INSTITUTE OF ENGINEERING & MANAGEMENT(kolkata)', 1, 'rayabhisek18@gmail.com', 9051192150, 0),
(363, 'jasodeep.chatterjee', '$2a$08$dEGNdVTrlwXF8BRLMOJxA.eCywi/.dszwn8jAjyj0e84iCXwTqbEi', 'Jasodeep Chatterjee', 'BBIR', 3, 'jasodeepchatterji@gmail.com', 7278404502, 0),
(364, 'katha', '$2a$08$jy2TuMl/Gs7goOT6CFv0UeX26Bby.u5lNyD3V5QnQOvPbGaQjV7l.', 'Katha Roy Biswas', 'IEM', 2, 'katharoyb@gmail.com', 9874453763, 0),
(365, 'qwe', '$2a$08$dAm/fMdyF6rWDqrefTwsDOH8TphTfd26TRjIlKtJ8NvBDrTAl.qai', 'qwe', 'rfeds', 1, 'rvcfdx@grfd.com', 1234567876, 0),
(366, 'shambo', '$2a$08$5UT63O8GOkN8lmuIQhBaT.Fbg.yt6tXWtiFHe0coY2KCTuq9rKOBS', 'Shambo Samanta', 'Govt. College Of Engg. And Textile Technology,Serampore', 3, 'shambo.samanta01@gmail.com', 8013912420, 0),
(367, 'deba', '$2a$08$8SQL3UGH6yBebtlgAIGCj.S28e5dHBpzHXITRMDeTA.rmpYBN1.Lq', 'Debaditya Choudhury', 'IEM', 2, 'dchoudhury221194@gmail.com', 9831741783, 0),
(368, 'alex', '$2a$08$D4PocMIz7qzmIOJkG1O7t.2YRfshWe7f8FRVxTbqkpvx0G8ohes4i', 'ALEKHYA GHOSH', 'IEM', 1, 'alex.burdwan@gmail.com', 9474423080, 0),
(369, 'satish007', '$2a$08$4rL2mDHHw5mrHnKSBvEouuaVd4Y8jc5MEAaNGTUDzgOhVbZYjWeRq', 'Satish Jhunjhunwala', 'IIT Delhi', 1, 'satish.99@gmail.com', 7899955632, 0),
(370, 'uvatsa94', '$2a$08$//AilYUB4Vq20x.7crRHT.pOb5R.S2jpL/7Cle1.YDIUY4iB7u7Sy', 'Utsav Vatsa', 'Techno India Salt Lake', 3, 'utsavvatsa.94@gmail.com', 9434665052, 0),
(371, 'utkarshj', '$2a$08$yVFP5QZusGDJmFq2LSYyBOMhQ6CVyZS.gcVf2sJuAM/JKHU7SBWXK', 'Utkarsh Jain', 'Krishna Institute of Engineering and Technology, Ghaziabad', 2, 'cool.utkarshjain@gmail.com', 9675231718, 0),
(372, 'sethd521', '$2a$08$JgF7v1J9JypIEL5.UxIpAehTz7s/mHjQuOe/KcX/4B0MepdAzWgUK', 'Deepak Seth', 'MCKV', 4, 'sethd521@gmail.com', 9163639221, 0),
(373, 'Anon', '$2a$08$9393CtqlndyYbwGLEU2M/eJzWkrOuOP2rSq61d0V5FGHGiuZVtapi', 'Anon', 'Unknown', 0, 'anon@anon.com', 0, 0),
(374, 'simba', '$2a$08$YDBEuLUqtN.zthqW6Z50NuMeIhT0cnh41Dkm.IAwjR9XTRhdx2RgS', 'Ayush Gupta', 'LNMIIT', 3, 'ayugupta.jpr@gmail.com', 8764378432, 0),
(375, 'abc', '$2a$08$sN6hPZH7fj8jnqd1CSOuPOydDJHP5AX1YJng.TrhDdrb4cDX6ZYiC', 'abc', 'abc', 1, 'abc@abc.com', 9999999999, 0);

--
-- Indexes for dumped tables
--

--
-- Indexes for table `answers`
--
ALTER TABLE `answers`
  ADD PRIMARY KEY (`question_id`);

--
-- Indexes for table `forum_posts`
--
ALTER TABLE `forum_posts`
  ADD PRIMARY KEY (`post_id`);

--
-- Indexes for table `forum_topics`
--
ALTER TABLE `forum_topics`
  ADD PRIMARY KEY (`topic_id`);

--
-- Indexes for table `progress`
--
ALTER TABLE `progress`
  ADD PRIMARY KEY (`user_id`);

--
-- Indexes for table `users`
--
ALTER TABLE `users`
  ADD PRIMARY KEY (`user_id`);

--
-- AUTO_INCREMENT for dumped tables
--

--
-- AUTO_INCREMENT for table `answers`
--
ALTER TABLE `answers`
  MODIFY `question_id` int(11) NOT NULL AUTO_INCREMENT,AUTO_INCREMENT=34;
--
-- AUTO_INCREMENT for table `forum_posts`
--
ALTER TABLE `forum_posts`
  MODIFY `post_id` int(11) NOT NULL AUTO_INCREMENT,AUTO_INCREMENT=1001;
--
-- AUTO_INCREMENT for table `forum_topics`
--
ALTER TABLE `forum_topics`
  MODIFY `topic_id` int(11) NOT NULL AUTO_INCREMENT,AUTO_INCREMENT=31;
--
-- AUTO_INCREMENT for table `users`
--
ALTER TABLE `users`
  MODIFY `user_id` int(11) NOT NULL AUTO_INCREMENT,AUTO_INCREMENT=376;
/*!40101 SET CHARACTER_SET_CLIENT=@OLD_CHARACTER_SET_CLIENT */;
/*!40101 SET CHARACTER_SET_RESULTS=@OLD_CHARACTER_SET_RESULTS */;
/*!40101 SET COLLATION_CONNECTION=@OLD_COLLATION_CONNECTION */;
